seq_a,seq_b,descriptor_a,descriptor_b,clade_a,clade_b,group_a,group_b,hhpc_a,hhpc_b,same_clade,p_S,mut_S,n_S,p_M,mut_M,n_M,p_L,mut_L,n_L,involves_p1236,involves_cruise
ARG p19,ARG p3,ANDV ARG p19,ANDV ARG p3,III,III,Argentinean sequences,Argentinean sequences,False,False,True,0.0016120365394948952,3,1861,0.0002738225629791895,1,3652,0.0004633204633204633,3,6475,False,False
ARG p19,ARG-M.a.,ANDV ARG p19,ANDV ARG-M.a.,III,III,Argentinean sequences,Argentinean sequences,False,False,True,0.0021424745581146223,4,1867,0.0002738975623116954,1,3651,0.00030950170225936243,2,6462,False,False
ARG p19,ARG p9,ANDV ARG p19,ANDV ARG p9,III,III,Argentinean sequences,Argentinean sequences,False,False,True,0.0021390374331550803,4,1870,0.000273224043715847,1,3660,0.00015444015444015445,1,6475,False,False
ARG p19,p1316,ANDV ARG p19,p1316,III,III,Argentinean sequences,Chilean sequences,False,False,True,0.004828326180257511,9,1864,0.004373974849644614,16,3658,0.006486486486486486,42,6475,False,False
ARG p19,CHI-Hu13724 P2,ANDV ARG p19,ANDV CHI-Hu13724 P2,III,III,Argentinean sequences,Chilean sequences,False,False,True,0.007526881720430108,14,1860,0.0065609622744669215,24,3658,0.008957528957528958,58,6475,False,False
ARG p19,p136,ANDV ARG p19,p136,III,III,Argentinean sequences,Chilean sequences,False,False,True,0.006963042313872523,13,1867,0.006564551422319475,24,3656,0.008957528957528958,58,6475,False,False
ARG p19,p137,ANDV ARG p19,p137,III,III,Argentinean sequences,Chilean sequences,False,False,True,0.006996770721205597,13,1858,0.006568144499178982,24,3654,0.008957528957528958,58,6475,False,False
ARG p19,CHI-Hu13724 P1,ANDV ARG p19,ANDV CHI-Hu13724 P1,III,III,Argentinean sequences,Chilean sequences,False,False,True,0.006959314775160599,13,1868,0.006564551422319475,24,3656,0.008957528957528958,58,6475,False,False
ARG p19,p1059,ANDV ARG p19,p1059,III,III,Argentinean sequences,Chilean sequences,False,True,True,0.014469453376205787,27,1866,0.022702407002188184,83,3656,0.023938223938223938,155,6475,False,False
ARG p19,NRC-4/18,ANDV ARG p19,ANDV NRC-4/18,III,III,Argentinean sequences,Argentinean sequences,False,True,True,0.01506186121570737,28,1859,0.020005480953685942,73,3649,0.021933889403768923,142,6474,False,False
ARG p19,NRC-3/18,ANDV ARG p19,ANDV NRC-3/18,III,III,Argentinean sequences,Argentinean sequences,False,True,True,0.015086206896551725,28,1856,0.019742253907321084,72,3647,0.02193050193050193,142,6475,False,False
ARG p19,132D,ANDV ARG p19,132D,III,III,Argentinean sequences,Chilean sequences,False,True,True,0.017297297297297298,32,1850,0.024215740231150248,88,3634,0.025019305019305018,162,6475,False,False
ARG p19,p1239,ANDV ARG p19,p1239,III,III,Argentinean sequences,Chilean sequences,False,True,True,0.015541264737406217,29,1866,0.021095890410958905,77,3650,0.02471042471042471,160,6475,False,False
ARG p19,p1242,ANDV ARG p19,p1242,III,III,Argentinean sequences,Chilean sequences,False,True,True,0.018776824034334765,35,1864,0.02163198247535597,79,3652,0.024555984555984556,159,6475,False,False
ARG p19,p931,ANDV ARG p19,p931,III,III,Argentinean sequences,Chilean sequences,False,True,True,0.019241047568145375,36,1871,0.022727272727272728,83,3652,0.023474903474903476,152,6475,False,False
ARG p19,p1236,ANDV ARG p19,p1236,III,III,Argentinean sequences,Chilean sequences,False,True,True,0.017167381974248927,32,1864,0.018883415435139574,69,3654,0.029571984435797664,190,6425,True,False
ARG p19,cruise,ANDV ARG p19,France-Case 9,III,III,Argentinean sequences,Cruise ship outbreak sequences,False,True,True,0.019427954668105773,36,1853,0.02110167169087421,77,3649,0.024555984555984556,159,6475,False,True
ARG p19,cruise,ANDV ARG p19,Spain-Case 10,III,III,Argentinean sequences,Cruise ship outbreak sequences,False,True,True,0.01949106659447753,36,1847,0.02110167169087421,77,3649,0.024555984555984556,159,6475,False,True
ARG p19,cruise,ANDV ARG p19,Spain-Case 12,III,III,Argentinean sequences,Cruise ship outbreak sequences,False,True,True,0.01949106659447753,36,1847,0.02110167169087421,77,3649,0.024555984555984556,159,6475,False,True
ARG p19,Switzerland-Case 7,ANDV ARG p19,Switzerland-Case 7,III,III,Argentinean sequences,Cruise ship outbreak sequences,False,True,True,0.01949106659447753,36,1847,0.02110167169087421,77,3649,0.02471042471042471,160,6475,False,True
ARG p19,cruise,ANDV ARG p19,Netherlands-Case 6,III,III,Argentinean sequences,Cruise ship outbreak sequences,False,True,True,0.019758507135016465,36,1822,0.021241379310344827,77,3625,0.023583360628889615,144,6106,False,True
ARG p19,cruise,ANDV ARG p19,Netherlands-Case 5,III,III,Argentinean sequences,Cruise ship outbreak sequences,False,True,True,0.019988895058300944,36,1801,0.02134231957315361,76,3561,0.024633613969441845,158,6414,False,True
ARG p19,cruise,ANDV ARG p19,Johannesburg-Case 2,III,III,Argentinean sequences,Cruise ship outbreak sequences,False,True,True,0.019897669130187607,35,1759,0.021306032097399005,77,3614,0.024480942051440968,158,6454,False,True
ARG p19,cruise,ANDV ARG p19,Johannesburg-Case 3,III,III,Argentinean sequences,Cruise ship outbreak sequences,False,True,True,0.019908987485779295,35,1758,0.021164021164021163,76,3591,0.024567367119901113,159,6472,False,True
ARG p19,cruise,ANDV ARG p19,Canada-Case 11_NPswab,III,III,Argentinean sequences,Cruise ship outbreak sequences,False,True,True,0.021370207416719043,34,1591,0.022068095838587643,70,3172,0.024744308808973936,150,6062,False,True
ARG p19,cruise,ANDV ARG p19,Canada-Case 11_blood,III,III,Argentinean sequences,Cruise ship outbreak sequences,False,True,True,0.020454545454545454,36,1760,0.021300448430493273,76,3568,0.024760136180748994,160,6462,False,True
ARG p3,ARG-M.a.,ANDV ARG p3,ANDV ARG-M.a.,III,III,Argentinean sequences,Argentinean sequences,False,False,True,0.0005373455131649651,1,1861,0.0,0,3645,0.00046425255338904364,3,6462,False,False
ARG p3,ARG p9,ANDV ARG p3,ANDV ARG p9,III,III,Argentinean sequences,Argentinean sequences,False,False,True,0.0005373455131649651,1,1861,0.0,0,3652,0.0003088803088803089,2,6475,False,False
ARG p3,p1316,ANDV ARG p3,p1316,III,III,Argentinean sequences,Chilean sequences,False,False,True,0.00431266846361186,8,1855,0.00410958904109589,15,3650,0.005964214711729622,39,6539,False,False
ARG p3,CHI-Hu13724 P2,ANDV ARG p3,ANDV CHI-Hu13724 P2,III,III,Argentinean sequences,Chilean sequences,False,False,True,0.007008086253369272,13,1855,0.006301369863013699,23,3650,0.008409785932721712,55,6540,False,False
ARG p3,p136,ANDV ARG p3,p136,III,III,Argentinean sequences,Chilean sequences,False,False,True,0.00646900269541779,12,1855,0.006304824561403508,23,3648,0.00840721491898502,55,6542,False,False
ARG p3,p137,ANDV ARG p3,p137,III,III,Argentinean sequences,Chilean sequences,False,False,True,0.006472491909385114,12,1854,0.006306553331505347,23,3647,0.008411072029362287,55,6539,False,False
ARG p3,CHI-Hu13724 P1,ANDV ARG p3,ANDV CHI-Hu13724 P1,III,III,Argentinean sequences,Chilean sequences,False,False,True,0.006448146157979581,12,1861,0.006304824561403508,23,3648,0.008404645476772617,55,6544,False,False
ARG p3,p1059,ANDV ARG p3,p1059,III,III,Argentinean sequences,Chilean sequences,False,True,True,0.014001077005923533,26,1857,0.022478070175438597,82,3648,0.023394495412844038,153,6540,False,False
ARG p3,NRC-4/18,ANDV ARG p3,ANDV NRC-4/18,III,III,Argentinean sequences,Argentinean sequences,False,True,True,0.01457096600107933,27,1853,0.019731433269388872,72,3649,0.021709218773887786,142,6541,False,False
ARG p3,NRC-3/18,ANDV ARG p3,ANDV NRC-3/18,III,III,Argentinean sequences,Argentinean sequences,False,True,True,0.014547413793103448,27,1856,0.01946805593638607,71,3647,0.021712538226299694,142,6540,False,False
ARG p3,132D,ANDV ARG p3,132D,III,III,Argentinean sequences,Chilean sequences,False,True,True,0.016774891774891776,31,1848,0.023940561364887175,87,3634,0.024341702388242497,159,6532,False,False
ARG p3,p1239,ANDV ARG p3,p1239,III,III,Argentinean sequences,Chilean sequences,False,True,True,0.01506186121570737,28,1859,0.02086192698325556,76,3643,0.02401345977363108,157,6538,False,False
ARG p3,p1242,ANDV ARG p3,p1242,III,III,Argentinean sequences,Chilean sequences,False,True,True,0.01828940290478752,34,1859,0.02139917695473251,78,3645,0.02385685884691849,156,6539,False,False
ARG p3,p931,ANDV ARG p3,p931,III,III,Argentinean sequences,Chilean sequences,False,True,True,0.018827326519634213,35,1859,0.022496570644718793,82,3645,0.02278984398898746,149,6538,False,False
ARG p3,p1236,ANDV ARG p3,p1236,III,III,Argentinean sequences,Chilean sequences,False,True,True,0.016675632060247445,31,1859,0.018645462023581024,68,3647,0.029105058365758756,187,6425,True,False
ARG p3,cruise,ANDV ARG p3,France-Case 9,III,III,Argentinean sequences,Cruise ship outbreak sequences,False,True,True,0.018949648077964266,35,1847,0.020827624006577145,76,3649,0.023845918679302965,156,6542,False,True
ARG p3,cruise,ANDV ARG p3,Spain-Case 10,III,III,Argentinean sequences,Cruise ship outbreak sequences,False,True,True,0.018990775908844276,35,1843,0.020839045791061148,76,3647,0.023864157870582835,156,6537,False,True
ARG p3,cruise,ANDV ARG p3,Spain-Case 12,III,III,Argentinean sequences,Cruise ship outbreak sequences,False,True,True,0.018990775908844276,35,1843,0.020839045791061148,76,3647,0.023864157870582835,156,6537,False,True
ARG p3,Switzerland-Case 7,ANDV ARG p3,Switzerland-Case 7,III,III,Argentinean sequences,Cruise ship outbreak sequences,False,True,True,0.018990775908844276,35,1843,0.020839045791061148,76,3647,0.023991442542787286,157,6544,False,True
ARG p3,cruise,ANDV ARG p3,Netherlands-Case 6,III,III,Argentinean sequences,Cruise ship outbreak sequences,False,True,True,0.019209659714599342,35,1822,0.020965517241379312,76,3625,0.022897044494965896,141,6158,False,True
ARG p3,cruise,ANDV ARG p3,Netherlands-Case 5,III,III,Argentinean sequences,Cruise ship outbreak sequences,False,True,True,0.01943364797334814,35,1801,0.02106149957877001,75,3561,0.02396413110698825,155,6468,False,True
ARG p3,cruise,ANDV ARG p3,Johannesburg-Case 2,III,III,Argentinean sequences,Cruise ship outbreak sequences,False,True,True,0.019329164297896533,34,1759,0.021029330381848368,76,3614,0.024137397493424105,156,6463,False,True
ARG p3,cruise,ANDV ARG p3,Johannesburg-Case 3,III,III,Argentinean sequences,Cruise ship outbreak sequences,False,True,True,0.019340159271899887,34,1758,0.020885547201336674,75,3591,0.02391904323827047,156,6522,False,True
ARG p3,cruise,ANDV ARG p3,Canada-Case 11_NPswab,III,III,Argentinean sequences,Cruise ship outbreak sequences,False,True,True,0.020741671904462602,33,1591,0.022068095838587643,70,3172,0.02407862407862408,147,6105,False,True
ARG p3,cruise,ANDV ARG p3,Canada-Case 11_blood,III,III,Argentinean sequences,Cruise ship outbreak sequences,False,True,True,0.019886363636363636,35,1760,0.02102017937219731,75,3568,0.024135280553420447,157,6505,False,True
ARG-M.a.,ARG p9,ANDV ARG-M.a.,ANDV ARG p9,III,III,Argentinean sequences,Argentinean sequences,False,False,True,0.0,0,1868,0.0,0,3651,0.00015475085112968121,1,6462,False,False
ARG-M.a.,p1316,ANDV ARG-M.a.,p1316,III,III,Argentinean sequences,Chilean sequences,False,False,True,0.004836109618484685,9,1861,0.004108463434675432,15,3651,0.0064995357474466105,42,6462,False,False
ARG-M.a.,CHI-Hu13724 P2,ANDV ARG-M.a.,ANDV CHI-Hu13724 P2,III,III,Argentinean sequences,Chilean sequences,False,False,True,0.0064516129032258064,12,1860,0.006299643933168995,23,3651,0.00897554936552151,58,6462,False,False
ARG-M.a.,p136,ANDV ARG-M.a.,p136,III,III,Argentinean sequences,Chilean sequences,False,False,True,0.006985491671144546,13,1861,0.006299643933168995,23,3651,0.00897554936552151,58,6462,False,False
ARG-M.a.,p137,ANDV ARG-M.a.,p137,III,III,Argentinean sequences,Chilean sequences,False,False,True,0.006996770721205597,13,1858,0.006299643933168995,23,3651,0.00897554936552151,58,6462,False,False
ARG-M.a.,CHI-Hu13724 P1,ANDV ARG-M.a.,ANDV CHI-Hu13724 P1,III,III,Argentinean sequences,Chilean sequences,False,False,True,0.006963042313872523,13,1867,0.006299643933168995,23,3651,0.00897554936552151,58,6462,False,False
ARG-M.a.,p1059,ANDV ARG-M.a.,p1059,III,III,Argentinean sequences,Chilean sequences,False,True,True,0.014492753623188406,27,1863,0.022459600109559025,82,3651,0.023986381925100587,155,6462,False,False
ARG-M.a.,NRC-4/18,ANDV ARG-M.a.,ANDV NRC-4/18,III,III,Argentinean sequences,Argentinean sequences,False,True,True,0.01506186121570737,28,1859,0.019769357495881382,72,3642,0.02197802197802198,142,6461,False,False
ARG-M.a.,NRC-3/18,ANDV ARG-M.a.,ANDV NRC-3/18,III,III,Argentinean sequences,Argentinean sequences,False,True,True,0.015086206896551725,28,1856,0.019500137324910738,71,3641,0.021974620860414733,142,6462,False,False
ARG-M.a.,132D,ANDV ARG-M.a.,132D,III,III,Argentinean sequences,Chilean sequences,False,True,True,0.017297297297297298,32,1850,0.023940561364887175,87,3634,0.025069637883008356,162,6462,False,False
ARG-M.a.,p1239,ANDV ARG-M.a.,p1239,III,III,Argentinean sequences,Chilean sequences,False,True,True,0.015549597855227882,29,1865,0.020827624006577145,76,3649,0.024760136180748994,160,6462,False,False
ARG-M.a.,p1242,ANDV ARG-M.a.,p1242,III,III,Argentinean sequences,Chilean sequences,False,True,True,0.018776824034334765,35,1864,0.021364009860312245,78,3651,0.02460538532961931,159,6462,False,False
ARG-M.a.,p931,ANDV ARG-M.a.,p931,III,III,Argentinean sequences,Chilean sequences,False,True,True,0.0193029490616622,36,1865,0.022459600109559025,82,3651,0.023522129371711543,152,6462,False,False
ARG-M.a.,p1236,ANDV ARG-M.a.,p1236,III,III,Argentinean sequences,Chilean sequences,False,True,True,0.01769436997319035,33,1865,0.01862503423719529,68,3651,0.029416342412451363,189,6425,True,False
ARG-M.a.,cruise,ANDV ARG-M.a.,France-Case 9,III,III,Argentinean sequences,Cruise ship outbreak sequences,False,True,True,0.019427954668105773,36,1853,0.02086765513454146,76,3642,0.02460538532961931,159,6462,False,True
ARG-M.a.,cruise,ANDV ARG-M.a.,Spain-Case 10,III,III,Argentinean sequences,Cruise ship outbreak sequences,False,True,True,0.01949106659447753,36,1847,0.020839045791061148,76,3647,0.02460538532961931,159,6462,False,True
ARG-M.a.,cruise,ANDV ARG-M.a.,Spain-Case 12,III,III,Argentinean sequences,Cruise ship outbreak sequences,False,True,True,0.01949106659447753,36,1847,0.020839045791061148,76,3647,0.02460538532961931,159,6462,False,True
ARG-M.a.,Switzerland-Case 7,ANDV ARG-M.a.,Switzerland-Case 7,III,III,Argentinean sequences,Cruise ship outbreak sequences,False,True,True,0.01949106659447753,36,1847,0.020839045791061148,76,3647,0.024760136180748994,160,6462,False,True
ARG-M.a.,cruise,ANDV ARG-M.a.,Netherlands-Case 6,III,III,Argentinean sequences,Cruise ship outbreak sequences,False,True,True,0.019758507135016465,36,1822,0.020965517241379312,76,3625,0.023434939364142905,143,6102,False,True
ARG-M.a.,cruise,ANDV ARG-M.a.,Netherlands-Case 5,III,III,Argentinean sequences,Cruise ship outbreak sequences,False,True,True,0.019988895058300944,36,1801,0.02106149957877001,75,3561,0.02449297971918877,157,6410,False,True
ARG-M.a.,cruise,ANDV ARG-M.a.,Johannesburg-Case 2,III,III,Argentinean sequences,Cruise ship outbreak sequences,False,True,True,0.019897669130187607,35,1759,0.021029330381848368,76,3614,0.02451132485262178,158,6446,False,True
ARG-M.a.,cruise,ANDV ARG-M.a.,Johannesburg-Case 3,III,III,Argentinean sequences,Cruise ship outbreak sequences,False,True,True,0.019908987485779295,35,1758,0.020885547201336674,75,3591,0.024616813748258245,159,6459,False,True
ARG-M.a.,cruise,ANDV ARG-M.a.,Canada-Case 11_NPswab,III,III,Argentinean sequences,Cruise ship outbreak sequences,False,True,True,0.021370207416719043,34,1591,0.022068095838587643,70,3172,0.02459557609772202,149,6058,False,True
ARG-M.a.,cruise,ANDV ARG-M.a.,Canada-Case 11_blood,III,III,Argentinean sequences,Cruise ship outbreak sequences,False,True,True,0.020454545454545454,36,1760,0.02102017937219731,75,3568,0.024620625580675133,159,6458,False,True
ARG p9,p1316,ANDV ARG p9,p1316,III,III,Argentinean sequences,Chilean sequences,False,False,True,0.004828326180257511,9,1864,0.004099480732440558,15,3659,0.006332046332046332,41,6475,False,False
ARG p9,CHI-Hu13724 P2,ANDV ARG p9,ANDV CHI-Hu13724 P2,III,III,Argentinean sequences,Chilean sequences,False,False,True,0.0064516129032258064,12,1860,0.006285870456408855,23,3659,0.008803088803088803,57,6475,False,False
ARG p9,p136,ANDV ARG p9,p136,III,III,Argentinean sequences,Chilean sequences,False,False,True,0.006974248927038627,13,1864,0.006289308176100629,23,3657,0.008803088803088803,57,6475,False,False
ARG p9,p137,ANDV ARG p9,p137,III,III,Argentinean sequences,Chilean sequences,False,False,True,0.006996770721205597,13,1858,0.006294471811713191,23,3654,0.008803088803088803,57,6475,False,False
ARG p9,CHI-Hu13724 P1,ANDV ARG p9,ANDV CHI-Hu13724 P1,III,III,Argentinean sequences,Chilean sequences,False,False,True,0.006959314775160599,13,1868,0.006289308176100629,23,3657,0.008803088803088803,57,6475,False,False
ARG p9,p1059,ANDV ARG p9,p1059,III,III,Argentinean sequences,Chilean sequences,False,True,True,0.014469453376205787,27,1866,0.02242275088870659,82,3657,0.023783783783783784,154,6475,False,False
ARG p9,NRC-4/18,ANDV ARG p9,ANDV NRC-4/18,III,III,Argentinean sequences,Argentinean sequences,False,True,True,0.01506186121570737,28,1859,0.019731433269388872,72,3649,0.021779425393883226,141,6474,False,False
ARG p9,NRC-3/18,ANDV ARG p9,ANDV NRC-3/18,III,III,Argentinean sequences,Argentinean sequences,False,True,True,0.015086206896551725,28,1856,0.01946805593638607,71,3647,0.021776061776061777,141,6475,False,False
ARG p9,132D,ANDV ARG p9,132D,III,III,Argentinean sequences,Chilean sequences,False,True,True,0.017297297297297298,32,1850,0.023940561364887175,87,3634,0.024864864864864864,161,6475,False,False
ARG p9,p1239,ANDV ARG p9,p1239,III,III,Argentinean sequences,Chilean sequences,False,True,True,0.015541264737406217,29,1866,0.020821917808219178,76,3650,0.024555984555984556,159,6475,False,False
ARG p9,p1242,ANDV ARG p9,p1242,III,III,Argentinean sequences,Chilean sequences,False,True,True,0.018776824034334765,35,1864,0.02135815991237678,78,3652,0.024401544401544403,158,6475,False,False
ARG p9,p931,ANDV ARG p9,p931,III,III,Argentinean sequences,Chilean sequences,False,True,True,0.019271948608137045,36,1868,0.022453450164293537,82,3652,0.023320463320463322,151,6475,False,False
ARG p9,p1236,ANDV ARG p9,p1236,III,III,Argentinean sequences,Chilean sequences,False,True,True,0.01769436997319035,33,1865,0.018609742747673783,68,3654,0.029416342412451363,189,6425,True,False
ARG p9,cruise,ANDV ARG p9,France-Case 9,III,III,Argentinean sequences,Cruise ship outbreak sequences,False,True,True,0.019427954668105773,36,1853,0.020827624006577145,76,3649,0.024401544401544403,158,6475,False,True
ARG p9,cruise,ANDV ARG p9,Spain-Case 10,III,III,Argentinean sequences,Cruise ship outbreak sequences,False,True,True,0.01949106659447753,36,1847,0.020827624006577145,76,3649,0.024401544401544403,158,6475,False,True
ARG p9,cruise,ANDV ARG p9,Spain-Case 12,III,III,Argentinean sequences,Cruise ship outbreak sequences,False,True,True,0.01949106659447753,36,1847,0.020827624006577145,76,3649,0.024401544401544403,158,6475,False,True
ARG p9,Switzerland-Case 7,ANDV ARG p9,Switzerland-Case 7,III,III,Argentinean sequences,Cruise ship outbreak sequences,False,True,True,0.01949106659447753,36,1847,0.020827624006577145,76,3649,0.024555984555984556,159,6475,False,True
ARG p9,cruise,ANDV ARG p9,Netherlands-Case 6,III,III,Argentinean sequences,Cruise ship outbreak sequences,False,True,True,0.019758507135016465,36,1822,0.020965517241379312,76,3625,0.023419587291188995,143,6106,False,True
ARG p9,cruise,ANDV ARG p9,Netherlands-Case 5,III,III,Argentinean sequences,Cruise ship outbreak sequences,False,True,True,0.019988895058300944,36,1801,0.02106149957877001,75,3561,0.024477705020268165,157,6414,False,True
ARG p9,cruise,ANDV ARG p9,Johannesburg-Case 2,III,III,Argentinean sequences,Cruise ship outbreak sequences,False,True,True,0.019897669130187607,35,1759,0.021029330381848368,76,3614,0.024325999380229314,157,6454,False,True
ARG p9,cruise,ANDV ARG p9,Johannesburg-Case 3,III,III,Argentinean sequences,Cruise ship outbreak sequences,False,True,True,0.019908987485779295,35,1758,0.020885547201336674,75,3591,0.024412855377008654,158,6472,False,True
ARG p9,cruise,ANDV ARG p9,Canada-Case 11_NPswab,III,III,Argentinean sequences,Cruise ship outbreak sequences,False,True,True,0.021370207416719043,34,1591,0.022068095838587643,70,3172,0.024579346750247442,149,6062,False,True
ARG p9,cruise,ANDV ARG p9,Canada-Case 11_blood,III,III,Argentinean sequences,Cruise ship outbreak sequences,False,True,True,0.020454545454545454,36,1760,0.02102017937219731,75,3568,0.02460538532961931,159,6462,False,True
p1316,CHI-Hu13724 P2,p1316,ANDV CHI-Hu13724 P2,III,III,Chilean sequences,Chilean sequences,False,False,True,0.0037614185921547557,7,1861,0.0038261820169445205,14,3659,0.0045773573390296,30,6554,False,False
p1316,p136,p1316,p136,III,III,Chilean sequences,Chilean sequences,False,False,True,0.0032171581769436996,6,1865,0.0038282745419742957,14,3657,0.0045780558522813975,30,6553,False,False
p1316,p137,p1316,p137,III,III,Chilean sequences,Chilean sequences,False,False,True,0.0032275416890801506,6,1859,0.0038314176245210726,14,3654,0.004580852038479157,30,6549,False,False
p1316,CHI-Hu13724 P1,p1316,ANDV CHI-Hu13724 P1,III,III,Chilean sequences,Chilean sequences,False,False,True,0.00322061191626409,6,1863,0.0038282745419742957,14,3657,0.0045773573390296,30,6554,False,False
p1316,p1059,p1316,p1059,III,III,Chilean sequences,Chilean sequences,False,True,True,0.013963480128893663,26,1862,0.02543068088597211,93,3657,0.02380225816295392,156,6554,False,False
p1316,NRC-4/18,p1316,ANDV NRC-4/18,III,III,Chilean sequences,Argentinean sequences,False,True,True,0.014523937600860678,27,1859,0.02166163970386619,79,3647,0.02216786424094175,145,6541,False,False
p1316,NRC-3/18,p1316,ANDV NRC-3/18,III,III,Chilean sequences,Argentinean sequences,False,True,True,0.014578833693304536,27,1852,0.021393307734503566,78,3646,0.022184822521419827,145,6536,False,False
p1316,132D,p1316,132D,III,III,Chilean sequences,Chilean sequences,False,True,True,0.015675675675675675,29,1850,0.026967528893780957,98,3634,0.024789594491201224,162,6535,False,False
p1316,p1239,p1316,p1239,III,III,Chilean sequences,Chilean sequences,False,True,True,0.015053763440860216,28,1860,0.023835616438356164,87,3650,0.023500686708377842,154,6553,False,False
p1316,p1242,p1316,p1242,III,III,Chilean sequences,Chilean sequences,False,True,True,0.01829924650161464,34,1858,0.023822562979189485,87,3652,0.023039365273115654,151,6554,False,False
p1316,p931,p1316,p931,III,III,Chilean sequences,Chilean sequences,False,True,True,0.018796992481203006,35,1862,0.024917853231106242,91,3652,0.021974668090950708,144,6553,False,False
p1316,p1236,p1316,p1236,III,III,Chilean sequences,Chilean sequences,False,True,True,0.016684607104413347,31,1858,0.0210727969348659,77,3654,0.02894941634241245,186,6425,True,False
p1316,cruise,p1316,France-Case 9,III,III,Chilean sequences,Cruise ship outbreak sequences,False,True,True,0.018888289260658393,35,1853,0.02330682752947628,85,3647,0.023998777132375422,157,6542,False,True
p1316,cruise,p1316,Spain-Case 10,III,III,Chilean sequences,Cruise ship outbreak sequences,False,True,True,0.018949648077964266,35,1847,0.023294053165250753,85,3649,0.02400978742927053,157,6539,False,True
p1316,cruise,p1316,Spain-Case 12,III,III,Chilean sequences,Cruise ship outbreak sequences,False,True,True,0.018949648077964266,35,1847,0.023294053165250753,85,3649,0.02400978742927053,157,6539,False,True
p1316,Switzerland-Case 7,p1316,Switzerland-Case 7,III,III,Chilean sequences,Cruise ship outbreak sequences,False,True,True,0.018949648077964266,35,1847,0.023294053165250753,85,3649,0.024107415318889228,158,6554,False,True
p1316,cruise,p1316,Netherlands-Case 6,III,III,Chilean sequences,Cruise ship outbreak sequences,False,True,True,0.019209659714599342,35,1822,0.023448275862068966,85,3625,0.023221825267944137,143,6158,False,True
p1316,cruise,p1316,Netherlands-Case 5,III,III,Chilean sequences,Cruise ship outbreak sequences,False,True,True,0.01943364797334814,35,1801,0.02358887952822241,84,3561,0.0241112828438949,156,6470,False,True
p1316,cruise,p1316,Johannesburg-Case 2,III,III,Chilean sequences,Cruise ship outbreak sequences,False,True,True,0.019329164297896533,34,1759,0.023519645821804096,85,3614,0.024446851307442365,158,6463,False,True
p1316,cruise,p1316,Johannesburg-Case 3,III,III,Chilean sequences,Cruise ship outbreak sequences,False,True,True,0.019340159271899887,34,1758,0.023391812865497075,84,3591,0.024076061953688086,157,6521,False,True
p1316,cruise,p1316,Canada-Case 11_NPswab,III,III,Chilean sequences,Cruise ship outbreak sequences,False,True,True,0.02011313639220616,32,1591,0.02395964691046658,76,3172,0.024406224406224405,149,6105,False,True
p1316,cruise,p1316,Canada-Case 11_blood,III,III,Chilean sequences,Cruise ship outbreak sequences,False,True,True,0.019886363636363636,35,1760,0.023542600896860985,84,3568,0.024289008455034587,158,6505,False,True
CHI-Hu13724 P2,p136,ANDV CHI-Hu13724 P2,p136,III,III,Chilean sequences,Chilean sequences,False,False,True,0.0005373455131649651,1,1861,0.0,0,3657,0.0,0,6554,False,False
CHI-Hu13724 P2,p137,ANDV CHI-Hu13724 P2,p137,III,III,Chilean sequences,Chilean sequences,False,False,True,0.0005379236148466917,1,1859,0.0,0,3654,0.0,0,6549,False,False
CHI-Hu13724 P2,CHI-Hu13724 P1,ANDV CHI-Hu13724 P2,ANDV CHI-Hu13724 P1,III,III,Chilean sequences,Chilean sequences,False,False,True,0.0005373455131649651,1,1861,0.0,0,3657,0.0,0,6555,False,False
CHI-Hu13724 P2,p1059,ANDV CHI-Hu13724 P2,p1059,III,III,Chilean sequences,Chilean sequences,False,True,True,0.015069967707212056,28,1858,0.027071369975389663,99,3657,0.02593440122044241,170,6555,False,False
CHI-Hu13724 P2,NRC-4/18,ANDV CHI-Hu13724 P2,ANDV NRC-4/18,III,III,Chilean sequences,Argentinean sequences,False,True,True,0.015608180839612486,29,1858,0.02330682752947628,85,3647,0.023693060226230512,155,6542,False,False
CHI-Hu13724 P2,NRC-3/18,ANDV CHI-Hu13724 P2,ANDV NRC-3/18,III,III,Chilean sequences,Argentinean sequences,False,True,True,0.01565874730021598,29,1852,0.02303894679100384,84,3646,0.02371118249961756,155,6537,False,False
CHI-Hu13724 P2,132D,ANDV CHI-Hu13724 P2,132D,III,III,Chilean sequences,Chilean sequences,False,True,True,0.016756756756756756,31,1850,0.028618602091359385,104,3634,0.026931905126243307,176,6535,False,False
CHI-Hu13724 P2,p1239,ANDV CHI-Hu13724 P2,p1239,III,III,Chilean sequences,Chilean sequences,False,True,True,0.016146393972012917,30,1858,0.02547945205479452,93,3650,0.026247520219746683,172,6553,False,False
CHI-Hu13724 P2,p1242,ANDV CHI-Hu13724 P2,p1242,III,III,Chilean sequences,Chilean sequences,False,True,True,0.0193756727664155,36,1858,0.02546549835706462,93,3652,0.025785779676533414,169,6554,False,False
CHI-Hu13724 P2,p931,ANDV CHI-Hu13724 P2,p931,III,III,Chilean sequences,Chilean sequences,False,True,True,0.01991388589881593,37,1858,0.02656078860898138,97,3652,0.02472150160231955,162,6553,False,False
CHI-Hu13724 P2,p1236,ANDV CHI-Hu13724 P2,p1236,III,III,Chilean sequences,Chilean sequences,False,True,True,0.01829924650161464,34,1858,0.023262178434592228,85,3654,0.030817120622568094,198,6425,True,False
CHI-Hu13724 P2,cruise,ANDV CHI-Hu13724 P2,France-Case 9,III,III,Chilean sequences,Cruise ship outbreak sequences,False,True,True,0.020518358531317494,38,1852,0.02495201535508637,91,3647,0.026134800550206328,171,6543,False,True
CHI-Hu13724 P2,cruise,ANDV CHI-Hu13724 P2,Spain-Case 10,III,III,Chilean sequences,Cruise ship outbreak sequences,False,True,True,0.02057390362750406,38,1847,0.024938339271033158,91,3649,0.026150787582199114,171,6539,False,True
CHI-Hu13724 P2,cruise,ANDV CHI-Hu13724 P2,Spain-Case 12,III,III,Chilean sequences,Cruise ship outbreak sequences,False,True,True,0.02057390362750406,38,1847,0.024938339271033158,91,3649,0.026150787582199114,171,6539,False,True
CHI-Hu13724 P2,Switzerland-Case 7,ANDV CHI-Hu13724 P2,Switzerland-Case 7,III,III,Chilean sequences,Cruise ship outbreak sequences,False,True,True,0.02057390362750406,38,1847,0.024938339271033158,91,3649,0.02623951182303585,172,6555,False,True
CHI-Hu13724 P2,cruise,ANDV CHI-Hu13724 P2,Netherlands-Case 6,III,III,Chilean sequences,Cruise ship outbreak sequences,False,True,True,0.020856201975850714,38,1822,0.02510344827586207,91,3625,0.025332900292302694,156,6158,False,True
CHI-Hu13724 P2,cruise,ANDV CHI-Hu13724 P2,Netherlands-Case 5,III,III,Chilean sequences,Cruise ship outbreak sequences,False,True,True,0.02109938922820655,38,1801,0.02527379949452401,90,3561,0.02627511591962906,170,6470,False,True
CHI-Hu13724 P2,cruise,ANDV CHI-Hu13724 P2,Johannesburg-Case 2,III,III,Chilean sequences,Cruise ship outbreak sequences,False,True,True,0.021034678794769755,37,1759,0.025179856115107913,91,3614,0.02661302800557017,172,6463,False,True
CHI-Hu13724 P2,cruise,ANDV CHI-Hu13724 P2,Johannesburg-Case 3,III,III,Chilean sequences,Cruise ship outbreak sequences,False,True,True,0.02104664391353811,37,1758,0.02506265664160401,90,3591,0.02621895124195032,171,6522,False,True
CHI-Hu13724 P2,cruise,ANDV CHI-Hu13724 P2,Canada-Case 11_NPswab,III,III,Chilean sequences,Cruise ship outbreak sequences,False,True,True,0.02199874292897549,35,1591,0.02648171500630517,84,3172,0.026863226863226862,164,6105,False,True
CHI-Hu13724 P2,cruise,ANDV CHI-Hu13724 P2,Canada-Case 11_blood,III,III,Chilean sequences,Cruise ship outbreak sequences,False,True,True,0.02159090909090909,38,1760,0.02522421524663677,90,3568,0.02644119907763259,172,6505,False,True
p136,p137,p136,p137,III,III,Chilean sequences,Chilean sequences,False,False,True,0.0,0,1859,0.0,0,3654,0.0,0,6549,False,False
p136,CHI-Hu13724 P1,p136,ANDV CHI-Hu13724 P1,III,III,Chilean sequences,Chilean sequences,False,False,True,0.0,0,1863,0.0,0,3657,0.0,0,6556,False,False
p136,p1059,p136,p1059,III,III,Chilean sequences,Chilean sequences,False,True,True,0.014500537056928034,27,1862,0.027071369975389663,99,3657,0.025938358254501068,170,6554,False,False
p136,NRC-4/18,p136,ANDV NRC-4/18,III,III,Chilean sequences,Argentinean sequences,False,True,True,0.01506186121570737,28,1859,0.023319615912208505,85,3645,0.023685819070904647,155,6544,False,False
p136,NRC-3/18,p136,ANDV NRC-3/18,III,III,Chilean sequences,Argentinean sequences,False,True,True,0.01511879049676026,28,1852,0.02305159165751921,84,3644,0.023703930264566447,155,6539,False,False
p136,132D,p136,132D,III,III,Chilean sequences,Chilean sequences,False,True,True,0.016216216216216217,30,1850,0.028618602091359385,104,3634,0.026931905126243307,176,6535,False,False
p136,p1239,p136,p1239,III,III,Chilean sequences,Chilean sequences,False,True,True,0.015591397849462365,29,1860,0.02547945205479452,93,3650,0.026251526251526252,172,6552,False,False
p136,p1242,p136,p1242,III,III,Chilean sequences,Chilean sequences,False,True,True,0.01883745963401507,35,1858,0.02546549835706462,93,3652,0.02578971463451854,169,6553,False,False
p136,p931,p136,p931,III,III,Chilean sequences,Chilean sequences,False,True,True,0.01929260450160772,36,1866,0.02656078860898138,97,3652,0.024725274725274724,162,6552,False,False
p136,p1236,p136,p1236,III,III,Chilean sequences,Chilean sequences,False,True,True,0.01776103336921421,33,1858,0.023262178434592228,85,3654,0.030817120622568094,198,6425,True,False
p136,cruise,p136,France-Case 9,III,III,Chilean sequences,Cruise ship outbreak sequences,False,True,True,0.019967620075553156,37,1853,0.02496570644718793,91,3645,0.02612681436210848,171,6545,False,True
p136,cruise,p136,Spain-Case 10,III,III,Chilean sequences,Cruise ship outbreak sequences,False,True,True,0.020032485110990796,37,1847,0.024938339271033158,91,3649,0.026150787582199114,171,6539,False,True
p136,cruise,p136,Spain-Case 12,III,III,Chilean sequences,Cruise ship outbreak sequences,False,True,True,0.020032485110990796,37,1847,0.024938339271033158,91,3649,0.026150787582199114,171,6539,False,True
p136,Switzerland-Case 7,p136,Switzerland-Case 7,III,III,Chilean sequences,Cruise ship outbreak sequences,False,True,True,0.020032485110990796,37,1847,0.024938339271033158,91,3649,0.026235509456985967,172,6556,False,True
p136,cruise,p136,Netherlands-Case 6,III,III,Chilean sequences,Cruise ship outbreak sequences,False,True,True,0.02030735455543359,37,1822,0.02510344827586207,91,3625,0.025332900292302694,156,6158,False,True
p136,cruise,p136,Netherlands-Case 5,III,III,Chilean sequences,Cruise ship outbreak sequences,False,True,True,0.020544142143253747,37,1801,0.02527379949452401,90,3561,0.02627511591962906,170,6470,False,True
p136,cruise,p136,Johannesburg-Case 2,III,III,Chilean sequences,Cruise ship outbreak sequences,False,True,True,0.02046617396247868,36,1759,0.025179856115107913,91,3614,0.02661302800557017,172,6463,False,True
p136,cruise,p136,Johannesburg-Case 3,III,III,Chilean sequences,Cruise ship outbreak sequences,False,True,True,0.020477815699658702,36,1758,0.02506265664160401,90,3591,0.02621895124195032,171,6522,False,True
p136,cruise,p136,Canada-Case 11_NPswab,III,III,Chilean sequences,Cruise ship outbreak sequences,False,True,True,0.021370207416719043,34,1591,0.02648171500630517,84,3172,0.026863226863226862,164,6105,False,True
p136,cruise,p136,Canada-Case 11_blood,III,III,Chilean sequences,Cruise ship outbreak sequences,False,True,True,0.021022727272727273,37,1760,0.02522421524663677,90,3568,0.02644119907763259,172,6505,False,True
p137,CHI-Hu13724 P1,p137,ANDV CHI-Hu13724 P1,III,III,Chilean sequences,Chilean sequences,False,False,True,0.0,0,1859,0.0,0,3654,0.0,0,6549,False,False
p137,p1059,p137,p1059,III,III,Chilean sequences,Chilean sequences,False,True,True,0.014547413793103448,27,1856,0.027093596059113302,99,3654,0.025958161551381892,170,6549,False,False
p137,NRC-4/18,p137,ANDV NRC-4/18,III,III,Chilean sequences,Argentinean sequences,False,True,True,0.015086206896551725,28,1856,0.02332601536772777,85,3644,0.023696682464454975,155,6541,False,False
p137,NRC-3/18,p137,ANDV NRC-3/18,III,III,Chilean sequences,Argentinean sequences,False,True,True,0.015126958400864398,28,1851,0.02305791929728246,84,3643,0.02371481028151775,155,6536,False,False
p137,132D,p137,132D,III,III,Chilean sequences,Chilean sequences,False,True,True,0.016216216216216217,30,1850,0.028618602091359385,104,3634,0.026931905126243307,176,6535,False,False
p137,p1239,p137,p1239,III,III,Chilean sequences,Chilean sequences,False,True,True,0.015625,29,1856,0.02547945205479452,93,3650,0.02626756261453879,172,6548,False,False
p137,p1242,p137,p1242,III,III,Chilean sequences,Chilean sequences,False,True,True,0.018857758620689655,35,1856,0.02546549835706462,93,3652,0.025805466483432585,169,6549,False,False
p137,p931,p137,p931,III,III,Chilean sequences,Chilean sequences,False,True,True,0.01939655172413793,36,1856,0.02656078860898138,97,3652,0.02474037874160049,162,6548,False,False
p137,p1236,p137,p1236,III,III,Chilean sequences,Chilean sequences,False,True,True,0.017780172413793104,33,1856,0.023262178434592228,85,3654,0.030817120622568094,198,6425,True,False
p137,cruise,p137,France-Case 9,III,III,Chilean sequences,Cruise ship outbreak sequences,False,True,True,0.02,37,1850,0.024972557628979142,91,3644,0.02613879547538979,171,6542,False,True
p137,cruise,p137,Spain-Case 10,III,III,Chilean sequences,Cruise ship outbreak sequences,False,True,True,0.020032485110990796,37,1847,0.024938339271033158,91,3649,0.026150787582199114,171,6539,False,True
p137,cruise,p137,Spain-Case 12,III,III,Chilean sequences,Cruise ship outbreak sequences,False,True,True,0.020032485110990796,37,1847,0.024938339271033158,91,3649,0.026150787582199114,171,6539,False,True
p137,Switzerland-Case 7,p137,Switzerland-Case 7,III,III,Chilean sequences,Cruise ship outbreak sequences,False,True,True,0.020032485110990796,37,1847,0.024938339271033158,91,3649,0.0262635516872805,172,6549,False,True
p137,cruise,p137,Netherlands-Case 6,III,III,Chilean sequences,Cruise ship outbreak sequences,False,True,True,0.02030735455543359,37,1822,0.02510344827586207,91,3625,0.025332900292302694,156,6158,False,True
p137,cruise,p137,Netherlands-Case 5,III,III,Chilean sequences,Cruise ship outbreak sequences,False,True,True,0.020544142143253747,37,1801,0.02527379949452401,90,3561,0.02627511591962906,170,6470,False,True
p137,cruise,p137,Johannesburg-Case 2,III,III,Chilean sequences,Cruise ship outbreak sequences,False,True,True,0.02046617396247868,36,1759,0.025179856115107913,91,3614,0.02661302800557017,172,6463,False,True
p137,cruise,p137,Johannesburg-Case 3,III,III,Chilean sequences,Cruise ship outbreak sequences,False,True,True,0.020477815699658702,36,1758,0.02506265664160401,90,3591,0.026222971936819505,171,6521,False,True
p137,cruise,p137,Canada-Case 11_NPswab,III,III,Chilean sequences,Cruise ship outbreak sequences,False,True,True,0.021370207416719043,34,1591,0.02648171500630517,84,3172,0.026863226863226862,164,6105,False,True
p137,cruise,p137,Canada-Case 11_blood,III,III,Chilean sequences,Cruise ship outbreak sequences,False,True,True,0.021022727272727273,37,1760,0.02522421524663677,90,3568,0.02644119907763259,172,6505,False,True
CHI-Hu13724 P1,p1059,ANDV CHI-Hu13724 P1,p1059,III,III,Chilean sequences,Chilean sequences,False,True,True,0.014484978540772532,27,1864,0.027019650655021835,99,3664,0.02593440122044241,170,6555,False,False
CHI-Hu13724 P1,NRC-4/18,ANDV CHI-Hu13724 P1,ANDV NRC-4/18,III,III,Chilean sequences,Argentinean sequences,False,True,True,0.01506186121570737,28,1859,0.023319615912208505,85,3645,0.023685819070904647,155,6544,False,False
CHI-Hu13724 P1,NRC-3/18,ANDV CHI-Hu13724 P1,ANDV NRC-3/18,III,III,Chilean sequences,Argentinean sequences,False,True,True,0.015086206896551725,28,1856,0.02305159165751921,84,3644,0.023700305810397553,155,6540,False,False
CHI-Hu13724 P1,132D,ANDV CHI-Hu13724 P1,132D,III,III,Chilean sequences,Chilean sequences,False,True,True,0.016216216216216217,30,1850,0.028618602091359385,104,3634,0.026931905126243307,176,6535,False,False
CHI-Hu13724 P1,p1239,ANDV CHI-Hu13724 P1,p1239,III,III,Chilean sequences,Chilean sequences,False,True,True,0.015541264737406217,29,1866,0.02547945205479452,93,3650,0.026247520219746683,172,6553,False,False
CHI-Hu13724 P1,p1242,ANDV CHI-Hu13724 P1,p1242,III,III,Chilean sequences,Chilean sequences,False,True,True,0.018776824034334765,35,1864,0.02546549835706462,93,3652,0.025785779676533414,169,6554,False,False
CHI-Hu13724 P1,p931,ANDV CHI-Hu13724 P1,p931,III,III,Chilean sequences,Chilean sequences,False,True,True,0.01929260450160772,36,1866,0.02656078860898138,97,3652,0.02472150160231955,162,6553,False,False
CHI-Hu13724 P1,p1236,ANDV CHI-Hu13724 P1,p1236,III,III,Chilean sequences,Chilean sequences,False,True,True,0.017703862660944206,33,1864,0.023262178434592228,85,3654,0.030817120622568094,198,6425,True,False
CHI-Hu13724 P1,cruise,ANDV CHI-Hu13724 P1,France-Case 9,III,III,Chilean sequences,Cruise ship outbreak sequences,False,True,True,0.019967620075553156,37,1853,0.02496570644718793,91,3645,0.02612681436210848,171,6545,False,True
CHI-Hu13724 P1,cruise,ANDV CHI-Hu13724 P1,Spain-Case 10,III,III,Chilean sequences,Cruise ship outbreak sequences,False,True,True,0.020032485110990796,37,1847,0.024938339271033158,91,3649,0.026150787582199114,171,6539,False,True
CHI-Hu13724 P1,cruise,ANDV CHI-Hu13724 P1,Spain-Case 12,III,III,Chilean sequences,Cruise ship outbreak sequences,False,True,True,0.020032485110990796,37,1847,0.024938339271033158,91,3649,0.026150787582199114,171,6539,False,True
CHI-Hu13724 P1,Switzerland-Case 7,ANDV CHI-Hu13724 P1,Switzerland-Case 7,III,III,Chilean sequences,Cruise ship outbreak sequences,False,True,True,0.020032485110990796,37,1847,0.024938339271033158,91,3649,0.026215515927450084,172,6561,False,True
CHI-Hu13724 P1,cruise,ANDV CHI-Hu13724 P1,Netherlands-Case 6,III,III,Chilean sequences,Cruise ship outbreak sequences,False,True,True,0.02030735455543359,37,1822,0.02510344827586207,91,3625,0.025332900292302694,156,6158,False,True
CHI-Hu13724 P1,cruise,ANDV CHI-Hu13724 P1,Netherlands-Case 5,III,III,Chilean sequences,Cruise ship outbreak sequences,False,True,True,0.020544142143253747,37,1801,0.02527379949452401,90,3561,0.02627511591962906,170,6470,False,True
CHI-Hu13724 P1,cruise,ANDV CHI-Hu13724 P1,Johannesburg-Case 2,III,III,Chilean sequences,Cruise ship outbreak sequences,False,True,True,0.02046617396247868,36,1759,0.025179856115107913,91,3614,0.02661302800557017,172,6463,False,True
CHI-Hu13724 P1,cruise,ANDV CHI-Hu13724 P1,Johannesburg-Case 3,III,III,Chilean sequences,Cruise ship outbreak sequences,False,True,True,0.020477815699658702,36,1758,0.02506265664160401,90,3591,0.02621895124195032,171,6522,False,True
CHI-Hu13724 P1,cruise,ANDV CHI-Hu13724 P1,Canada-Case 11_NPswab,III,III,Chilean sequences,Cruise ship outbreak sequences,False,True,True,0.021370207416719043,34,1591,0.02648171500630517,84,3172,0.026863226863226862,164,6105,False,True
CHI-Hu13724 P1,cruise,ANDV CHI-Hu13724 P1,Canada-Case 11_blood,III,III,Chilean sequences,Cruise ship outbreak sequences,False,True,True,0.021022727272727273,37,1760,0.02522421524663677,90,3568,0.02644119907763259,172,6505,False,True
p1059,NRC-4/18,p1059,ANDV NRC-4/18,III,III,Chilean sequences,Argentinean sequences,True,True,True,0.0016137708445400753,3,1859,0.009876543209876543,36,3645,0.010547233261999389,69,6542,False,False
p1059,NRC-3/18,p1059,ANDV NRC-3/18,III,III,Chilean sequences,Argentinean sequences,True,True,True,0.0016163793103448276,3,1856,0.009604829857299671,35,3644,0.010555300596603947,69,6537,False,False
p1059,132D,p1059,132D,III,III,Chilean sequences,Chilean sequences,True,True,True,0.008108108108108109,15,1850,0.007429829389102917,27,3634,0.0090283091048202,59,6535,False,False
p1059,p1239,p1059,p1239,III,III,Chilean sequences,Chilean sequences,True,True,True,0.006437768240343348,12,1864,0.004383561643835616,16,3650,0.009156111704562795,60,6553,False,False
p1059,p1242,p1059,p1242,III,III,Chilean sequences,Chilean sequences,True,True,True,0.00966702470461869,18,1862,0.00547645125958379,20,3652,0.009307293256026854,61,6554,False,False
p1059,p931,p1059,p931,III,III,Chilean sequences,Chilean sequences,True,True,True,0.010182207931404072,19,1866,0.006024096385542169,22,3652,0.008545704257591942,56,6553,False,False
p1059,p1236,p1059,p1236,III,III,Chilean sequences,Chilean sequences,True,True,True,0.01020408163265306,19,1862,0.010946907498631636,40,3654,0.019766536964980545,127,6425,True,False
p1059,cruise,p1059,France-Case 9,III,III,Chilean sequences,Cruise ship outbreak sequences,True,True,True,0.011332973556395036,21,1853,0.01316872427983539,48,3645,0.014366498548066636,94,6543,False,True
p1059,cruise,p1059,Spain-Case 10,III,III,Chilean sequences,Cruise ship outbreak sequences,True,True,True,0.01136978884677856,21,1847,0.013154288846259249,48,3649,0.01437528674109191,94,6539,False,True
p1059,cruise,p1059,Spain-Case 12,III,III,Chilean sequences,Cruise ship outbreak sequences,True,True,True,0.01136978884677856,21,1847,0.013154288846259249,48,3649,0.01437528674109191,94,6539,False,True
p1059,Switzerland-Case 7,p1059,Switzerland-Case 7,III,III,Chilean sequences,Cruise ship outbreak sequences,True,True,True,0.01136978884677856,21,1847,0.013154288846259249,48,3649,0.014492753623188406,95,6555,False,True
p1059,cruise,p1059,Netherlands-Case 6,III,III,Chilean sequences,Cruise ship outbreak sequences,True,True,True,0.011525795828759604,21,1822,0.013241379310344827,48,3625,0.014127963624553427,87,6158,False,True
p1059,cruise,p1059,Netherlands-Case 5,III,III,Chilean sequences,Cruise ship outbreak sequences,True,True,True,0.011660188784008884,21,1801,0.013479359730412805,48,3561,0.01437403400309119,93,6470,False,True
p1059,cruise,p1059,Johannesburg-Case 2,III,III,Chilean sequences,Cruise ship outbreak sequences,True,True,True,0.011938601478112564,21,1759,0.013281682346430549,48,3614,0.014544329258858115,94,6463,False,True
p1059,cruise,p1059,Johannesburg-Case 3,III,III,Chilean sequences,Cruise ship outbreak sequences,True,True,True,0.011945392491467578,21,1758,0.013366750208855471,48,3591,0.01441275682306041,94,6522,False,True
p1059,cruise,p1059,Canada-Case 11_NPswab,III,III,Chilean sequences,Cruise ship outbreak sequences,True,True,True,0.01257071024512885,20,1591,0.013871374527112233,44,3172,0.014742014742014743,90,6105,False,True
p1059,cruise,p1059,Canada-Case 11_blood,III,III,Chilean sequences,Cruise ship outbreak sequences,True,True,True,0.0125,22,1760,0.013452914798206279,48,3568,0.014604150653343582,95,6505,False,True
NRC-4/18,NRC-3/18,ANDV NRC-4/18,ANDV NRC-3/18,III,III,Argentinean sequences,Argentinean sequences,True,True,True,0.0,0,1852,0.00027359781121751026,1,3655,0.0,0,6538,False,False
NRC-4/18,132D,ANDV NRC-4/18,132D,III,III,Argentinean sequences,Chilean sequences,True,True,True,0.008648648648648649,16,1850,0.01073197578425977,39,3634,0.011325374961738598,74,6534,False,False
NRC-4/18,p1239,ANDV NRC-4/18,p1239,III,III,Argentinean sequences,Chilean sequences,True,True,True,0.006993006993006993,13,1859,0.008241758241758242,30,3640,0.011467889908256881,75,6540,False,False
NRC-4/18,p1242,ANDV NRC-4/18,p1242,III,III,Argentinean sequences,Chilean sequences,True,True,True,0.01022604951560818,19,1858,0.009335529928610654,34,3642,0.01131325485399786,74,6541,False,False
NRC-4/18,p931,ANDV NRC-4/18,p931,III,III,Argentinean sequences,Chilean sequences,True,True,True,0.010758472296933835,20,1859,0.009884678747940691,36,3642,0.009938837920489297,65,6540,False,False
NRC-4/18,p1236,ANDV NRC-4/18,p1236,III,III,Argentinean sequences,Chilean sequences,True,True,True,0.010764262648008612,20,1858,0.009330406147091108,34,3644,0.018835616438356163,121,6424,True,False
NRC-4/18,cruise,ANDV NRC-4/18,France-Case 9,III,III,Argentinean sequences,Cruise ship outbreak sequences,True,True,True,0.011872638963842417,22,1853,0.010684931506849316,39,3650,0.012530562347188265,82,6544,False,True
NRC-4/18,cruise,ANDV NRC-4/18,Spain-Case 10,III,III,Argentinean sequences,Cruise ship outbreak sequences,True,True,True,0.011911207363291824,22,1847,0.010702524698133918,39,3644,0.012542061792597125,82,6538,False,True
NRC-4/18,cruise,ANDV NRC-4/18,Spain-Case 12,III,III,Argentinean sequences,Cruise ship outbreak sequences,True,True,True,0.011911207363291824,22,1847,0.010702524698133918,39,3644,0.012542061792597125,82,6538,False,True
NRC-4/18,Switzerland-Case 7,ANDV NRC-4/18,Switzerland-Case 7,III,III,Argentinean sequences,Cruise ship outbreak sequences,True,True,True,0.011911207363291824,22,1847,0.010702524698133918,39,3644,0.012683374083129584,83,6544,False,True
NRC-4/18,cruise,ANDV NRC-4/18,Netherlands-Case 6,III,III,Argentinean sequences,Cruise ship outbreak sequences,True,True,True,0.012074643249176729,22,1822,0.010758620689655173,39,3625,0.012181257105733312,75,6157,False,True
NRC-4/18,cruise,ANDV NRC-4/18,Netherlands-Case 5,III,III,Argentinean sequences,Cruise ship outbreak sequences,True,True,True,0.012215435868961688,22,1801,0.010951979780960405,39,3561,0.012521255217189674,81,6469,False,True
NRC-4/18,cruise,ANDV NRC-4/18,Johannesburg-Case 2,III,III,Argentinean sequences,Cruise ship outbreak sequences,True,True,True,0.012507106310403639,22,1759,0.01079136690647482,39,3614,0.012689569792633859,82,6462,False,True
NRC-4/18,cruise,ANDV NRC-4/18,Johannesburg-Case 3,III,III,Argentinean sequences,Cruise ship outbreak sequences,True,True,True,0.012514220705346985,22,1758,0.01086048454469507,39,3591,0.012574758472626898,82,6521,False,True
NRC-4/18,cruise,ANDV NRC-4/18,Canada-Case 11_NPswab,III,III,Argentinean sequences,Cruise ship outbreak sequences,True,True,True,0.013827781269641735,22,1591,0.011349306431273645,36,3172,0.012778505897771953,78,6104,False,True
NRC-4/18,cruise,ANDV NRC-4/18,Canada-Case 11_blood,III,III,Argentinean sequences,Cruise ship outbreak sequences,True,True,True,0.013068181818181817,23,1760,0.010930493273542601,39,3568,0.012761377613776138,83,6504,False,True
NRC-3/18,132D,ANDV NRC-3/18,132D,III,III,Argentinean sequences,Chilean sequences,True,True,True,0.008662696264212236,16,1847,0.010456796917996699,38,3634,0.01133404809312299,74,6529,False,False
NRC-3/18,p1239,ANDV NRC-3/18,p1239,III,III,Argentinean sequences,Chilean sequences,True,True,True,0.007004310344827586,13,1856,0.007969222313822478,29,3639,0.011476664116296864,75,6535,False,False
NRC-3/18,p1242,ANDV NRC-3/18,p1242,III,III,Argentinean sequences,Chilean sequences,True,True,True,0.010237068965517241,19,1856,0.00906344410876133,33,3641,0.011321909424724603,74,6536,False,False
NRC-3/18,p931,ANDV NRC-3/18,p931,III,III,Argentinean sequences,Chilean sequences,True,True,True,0.010775862068965518,20,1856,0.009612743751716562,35,3641,0.009946442234123947,65,6535,False,False
NRC-3/18,p1236,ANDV NRC-3/18,p1236,III,III,Argentinean sequences,Chilean sequences,True,True,True,0.010775862068965518,20,1856,0.009058468295360967,33,3643,0.018832684824902725,121,6425,True,False
NRC-3/18,cruise,ANDV NRC-3/18,France-Case 9,III,III,Argentinean sequences,Cruise ship outbreak sequences,True,True,True,0.011917659804983749,22,1846,0.010419522895530574,38,3647,0.012540143752867411,82,6539,False,True
NRC-3/18,cruise,ANDV NRC-3/18,Spain-Case 10,III,III,Argentinean sequences,Cruise ship outbreak sequences,True,True,True,0.011943539630836048,22,1842,0.01043096349162778,38,3643,0.012549739822467095,82,6534,False,True
NRC-3/18,cruise,ANDV NRC-3/18,Spain-Case 12,III,III,Argentinean sequences,Cruise ship outbreak sequences,True,True,True,0.011943539630836048,22,1842,0.01043096349162778,38,3643,0.012549739822467095,82,6534,False,True
NRC-3/18,Switzerland-Case 7,ANDV NRC-3/18,Switzerland-Case 7,III,III,Argentinean sequences,Cruise ship outbreak sequences,True,True,True,0.011943539630836048,22,1842,0.01043096349162778,38,3643,0.012691131498470948,83,6540,False,True
NRC-3/18,cruise,ANDV NRC-3/18,Netherlands-Case 6,III,III,Argentinean sequences,Cruise ship outbreak sequences,True,True,True,0.012074643249176729,22,1822,0.010482758620689656,38,3625,0.012181257105733312,75,6157,False,True
NRC-3/18,cruise,ANDV NRC-3/18,Netherlands-Case 5,III,III,Argentinean sequences,Cruise ship outbreak sequences,True,True,True,0.012215435868961688,22,1801,0.010671159786576805,38,3561,0.012529002320185615,81,6465,False,True
NRC-3/18,cruise,ANDV NRC-3/18,Johannesburg-Case 2,III,III,Argentinean sequences,Cruise ship outbreak sequences,True,True,True,0.012507106310403639,22,1759,0.010514665190924184,38,3614,0.01268760637474857,82,6463,False,True
NRC-3/18,cruise,ANDV NRC-3/18,Johannesburg-Case 3,III,III,Argentinean sequences,Cruise ship outbreak sequences,True,True,True,0.012514220705346985,22,1758,0.010582010582010581,38,3591,0.012572830420116528,82,6522,False,True
NRC-3/18,cruise,ANDV NRC-3/18,Canada-Case 11_NPswab,III,III,Argentinean sequences,Cruise ship outbreak sequences,True,True,True,0.013827781269641735,22,1591,0.011034047919293822,35,3172,0.012776412776412777,78,6105,False,True
NRC-3/18,cruise,ANDV NRC-3/18,Canada-Case 11_blood,III,III,Argentinean sequences,Cruise ship outbreak sequences,True,True,True,0.013068181818181817,23,1760,0.010650224215246636,38,3568,0.012759415833973867,83,6505,False,True
132D,p1239,132D,p1239,III,III,Chilean sequences,Chilean sequences,True,True,True,0.0037837837837837837,7,1850,0.005778756191524491,21,3634,0.009946442234123947,65,6535,False,False
132D,p1242,132D,p1242,III,III,Chilean sequences,Chilean sequences,True,True,True,0.007027027027027027,13,1850,0.006879471656576775,25,3634,0.009487375669472074,62,6535,False,False
132D,p931,132D,p931,III,III,Chilean sequences,Chilean sequences,True,True,True,0.0075675675675675675,14,1850,0.007429829389102917,27,3634,0.0090283091048202,59,6535,False,False
132D,p1236,132D,p1236,III,III,Chilean sequences,Chilean sequences,True,True,True,0.012972972972972972,24,1850,0.012933406714364337,47,3634,0.021634241245136188,139,6425,True,False
132D,cruise,132D,France-Case 9,III,III,Chilean sequences,Cruise ship outbreak sequences,True,True,True,0.014092140921409214,26,1845,0.014584479911942764,53,3634,0.014996174445294568,98,6535,False,True
132D,cruise,132D,Spain-Case 10,III,III,Chilean sequences,Cruise ship outbreak sequences,True,True,True,0.014092140921409214,26,1845,0.014584479911942764,53,3634,0.01499846954392409,98,6534,False,True
132D,cruise,132D,Spain-Case 12,III,III,Chilean sequences,Cruise ship outbreak sequences,True,True,True,0.014092140921409214,26,1845,0.014584479911942764,53,3634,0.01499846954392409,98,6534,False,True
132D,Switzerland-Case 7,132D,Switzerland-Case 7,III,III,Chilean sequences,Cruise ship outbreak sequences,True,True,True,0.014092140921409214,26,1845,0.014584479911942764,53,3634,0.01514919663351186,99,6535,False,True
132D,cruise,132D,Netherlands-Case 6,III,III,Chilean sequences,Cruise ship outbreak sequences,True,True,True,0.014270032930845226,26,1822,0.014632799558255107,53,3622,0.014777525170509906,91,6158,False,True
132D,cruise,132D,Netherlands-Case 5,III,III,Chilean sequences,Cruise ship outbreak sequences,True,True,True,0.014436424208772903,26,1801,0.014883459702330806,53,3561,0.014992272024729521,97,6470,False,True
132D,cruise,132D,Johannesburg-Case 2,III,III,Chilean sequences,Cruise ship outbreak sequences,True,True,True,0.014781125639567936,26,1759,0.01466519092418373,53,3614,0.01517732693201177,98,6457,False,True
132D,cruise,132D,Johannesburg-Case 3,III,III,Chilean sequences,Cruise ship outbreak sequences,True,True,True,0.01478953356086462,26,1758,0.014759120022277916,53,3591,0.015039901780233272,98,6516,False,True
132D,cruise,132D,Canada-Case 11_NPswab,III,III,Chilean sequences,Cruise ship outbreak sequences,True,True,True,0.01571338780641106,25,1591,0.016078184110970995,51,3172,0.015724815724815724,96,6105,False,True
132D,cruise,132D,Canada-Case 11_blood,III,III,Chilean sequences,Cruise ship outbreak sequences,True,True,True,0.01534090909090909,27,1760,0.014854260089686098,53,3568,0.015219062259800154,99,6505,False,True
p1239,p1242,p1239,p1242,III,III,Chilean sequences,Chilean sequences,True,True,True,0.003218884120171674,6,1864,0.002191780821917808,8,3650,0.005035861437509537,33,6553,False,False
p1239,p931,p1239,p931,III,III,Chilean sequences,Chilean sequences,True,True,True,0.0037513397642015005,7,1866,0.0027397260273972603,10,3650,0.0045780558522813975,30,6553,False,False
p1239,p1236,p1239,p1236,III,III,Chilean sequences,Chilean sequences,True,True,True,0.011266094420600859,21,1864,0.009863013698630137,36,3650,0.02085603112840467,134,6425,True,False
p1239,cruise,p1239,France-Case 9,III,III,Chilean sequences,Cruise ship outbreak sequences,True,True,True,0.0124123043712898,23,1853,0.011538461538461539,42,3640,0.01513530041278092,99,6541,False,True
p1239,cruise,p1239,Spain-Case 10,III,III,Chilean sequences,Cruise ship outbreak sequences,True,True,True,0.01245262587980509,23,1847,0.011522633744855968,42,3645,0.015139929652852118,99,6539,False,True
p1239,cruise,p1239,Spain-Case 12,III,III,Chilean sequences,Cruise ship outbreak sequences,True,True,True,0.01245262587980509,23,1847,0.011522633744855968,42,3645,0.015139929652852118,99,6539,False,True
p1239,Switzerland-Case 7,p1239,Switzerland-Case 7,III,III,Chilean sequences,Cruise ship outbreak sequences,True,True,True,0.01245262587980509,23,1847,0.011522633744855968,42,3645,0.015260186174271327,100,6553,False,True
p1239,cruise,p1239,Netherlands-Case 6,III,III,Chilean sequences,Cruise ship outbreak sequences,True,True,True,0.012623490669593854,23,1822,0.011586206896551723,42,3625,0.014615134784020786,90,6158,False,True
p1239,cruise,p1239,Netherlands-Case 5,III,III,Chilean sequences,Cruise ship outbreak sequences,True,True,True,0.012770682953914493,23,1801,0.011794439764111205,42,3561,0.015146831530139104,98,6470,False,True
p1239,cruise,p1239,Johannesburg-Case 2,III,III,Chilean sequences,Cruise ship outbreak sequences,True,True,True,0.013075611142694713,23,1759,0.01162147205312673,42,3614,0.01547269070091289,100,6463,False,True
p1239,cruise,p1239,Johannesburg-Case 3,III,III,Chilean sequences,Cruise ship outbreak sequences,True,True,True,0.013083048919226393,23,1758,0.011695906432748537,42,3591,0.015184049079754602,99,6520,False,True
p1239,cruise,p1239,Canada-Case 11_NPswab,III,III,Chilean sequences,Cruise ship outbreak sequences,True,True,True,0.013827781269641735,22,1591,0.012925598991172762,41,3172,0.015888615888615888,97,6105,False,True
p1239,cruise,p1239,Canada-Case 11_blood,III,III,Chilean sequences,Cruise ship outbreak sequences,True,True,True,0.013636363636363636,24,1760,0.011771300448430493,42,3568,0.015372790161414296,100,6505,False,True
p1242,p931,p1242,p931,III,III,Chilean sequences,Chilean sequences,True,True,True,0.005901287553648069,11,1864,0.002190580503833516,8,3652,0.0025942316496261253,17,6553,False,False
p1242,p1236,p1242,p1236,III,III,Chilean sequences,Chilean sequences,True,True,True,0.014484978540772532,27,1864,0.01095290251916758,40,3652,0.020389105058365758,131,6425,True,False
p1242,cruise,p1242,France-Case 9,III,III,Chilean sequences,Cruise ship outbreak sequences,True,True,True,0.01565874730021598,29,1852,0.012630422844590884,46,3642,0.01467441149495567,96,6542,False,True
p1242,cruise,p1242,Spain-Case 10,III,III,Chilean sequences,Cruise ship outbreak sequences,True,True,True,0.01570113697888468,29,1847,0.012613106663010694,46,3647,0.014681143905795993,96,6539,False,True
p1242,cruise,p1242,Spain-Case 12,III,III,Chilean sequences,Cruise ship outbreak sequences,True,True,True,0.01570113697888468,29,1847,0.012613106663010694,46,3647,0.014681143905795993,96,6539,False,True
p1242,Switzerland-Case 7,p1242,Switzerland-Case 7,III,III,Chilean sequences,Cruise ship outbreak sequences,True,True,True,0.01570113697888468,29,1847,0.012613106663010694,46,3647,0.014800122062862374,97,6554,False,True
p1242,cruise,p1242,Netherlands-Case 6,III,III,Chilean sequences,Cruise ship outbreak sequences,True,True,True,0.015916575192096598,29,1822,0.012689655172413793,46,3625,0.014127963624553427,87,6158,False,True
p1242,cruise,p1242,Netherlands-Case 5,III,III,Chilean sequences,Cruise ship outbreak sequences,True,True,True,0.016102165463631316,29,1801,0.012917719741645605,46,3561,0.014683153013910355,95,6470,False,True
p1242,cruise,p1242,Johannesburg-Case 2,III,III,Chilean sequences,Cruise ship outbreak sequences,True,True,True,0.01648664013644116,29,1759,0.012728278915329275,46,3614,0.015008509979885502,97,6463,False,True
p1242,cruise,p1242,Johannesburg-Case 3,III,III,Chilean sequences,Cruise ship outbreak sequences,True,True,True,0.016496018202502846,29,1758,0.012809802283486493,46,3591,0.014721668455758318,96,6521,False,True
p1242,cruise,p1242,Canada-Case 11_NPswab,III,III,Chilean sequences,Cruise ship outbreak sequences,True,True,True,0.01697045883092395,27,1591,0.013871374527112233,44,3172,0.015397215397215397,94,6105,False,True
p1242,cruise,p1242,Canada-Case 11_blood,III,III,Chilean sequences,Cruise ship outbreak sequences,True,True,True,0.017045454545454544,30,1760,0.01289237668161435,46,3568,0.014911606456571868,97,6505,False,True
p931,p1236,p931,p1236,III,III,Chilean sequences,Chilean sequences,True,True,True,0.015021459227467811,28,1864,0.011500547645125958,42,3652,0.01961089494163424,126,6425,True,False
p931,cruise,p931,France-Case 9,III,III,Chilean sequences,Cruise ship outbreak sequences,True,True,True,0.016189962223421478,30,1853,0.013179571663920923,48,3642,0.013912245833970341,91,6541,False,True
p931,cruise,p931,Spain-Case 10,III,III,Chilean sequences,Cruise ship outbreak sequences,True,True,True,0.016242555495397944,30,1847,0.013161502604880724,48,3647,0.013916500994035786,91,6539,False,True
p931,cruise,p931,Spain-Case 12,III,III,Chilean sequences,Cruise ship outbreak sequences,True,True,True,0.016242555495397944,30,1847,0.013161502604880724,48,3647,0.013916500994035786,91,6539,False,True
p931,Switzerland-Case 7,p931,Switzerland-Case 7,III,III,Chilean sequences,Cruise ship outbreak sequences,True,True,True,0.016242555495397944,30,1847,0.013161502604880724,48,3647,0.01403937128032962,92,6553,False,True
p931,cruise,p931,Netherlands-Case 6,III,III,Chilean sequences,Cruise ship outbreak sequences,True,True,True,0.01646542261251372,30,1822,0.013241379310344827,48,3625,0.013316011692107827,82,6158,False,True
p931,cruise,p931,Netherlands-Case 5,III,III,Chilean sequences,Cruise ship outbreak sequences,True,True,True,0.01665741254858412,30,1801,0.013198539736029205,47,3561,0.013910355486862442,90,6470,False,True
p931,cruise,p931,Johannesburg-Case 2,III,III,Chilean sequences,Cruise ship outbreak sequences,True,True,True,0.017055144968732235,30,1759,0.013281682346430549,48,3614,0.014234875444839857,92,6463,False,True
p931,cruise,p931,Johannesburg-Case 3,III,III,Chilean sequences,Cruise ship outbreak sequences,True,True,True,0.017064846416382253,30,1758,0.013088276246170982,47,3591,0.013957055214723926,91,6520,False,True
p931,cruise,p931,Canada-Case 11_NPswab,III,III,Chilean sequences,Cruise ship outbreak sequences,True,True,True,0.018227529855436832,29,1591,0.014501891551071878,46,3172,0.014414414414414415,88,6105,False,True
p931,cruise,p931,Canada-Case 11_blood,III,III,Chilean sequences,Cruise ship outbreak sequences,True,True,True,0.017613636363636363,31,1760,0.013172645739910314,47,3568,0.014142966948501152,92,6505,False,True
p1236,cruise,p1236,France-Case 9,III,III,Chilean sequences,Cruise ship outbreak sequences,True,True,True,0.009719222462203024,18,1852,0.007683863885839737,28,3644,0.016186770428015564,104,6425,True,False
p1236,cruise,p1236,Spain-Case 10,III,III,Chilean sequences,Cruise ship outbreak sequences,True,True,True,0.009745533297238766,18,1847,0.007673335160317895,28,3649,0.016186770428015564,104,6425,True,False
p1236,cruise,p1236,Spain-Case 12,III,III,Chilean sequences,Cruise ship outbreak sequences,True,True,True,0.009745533297238766,18,1847,0.007673335160317895,28,3649,0.016186770428015564,104,6425,True,False
p1236,Switzerland-Case 7,p1236,Switzerland-Case 7,III,III,Chilean sequences,Cruise ship outbreak sequences,True,True,True,0.009745533297238766,18,1847,0.007673335160317895,28,3649,0.01634241245136187,105,6425,True,False
p1236,cruise,p1236,Netherlands-Case 6,III,III,Chilean sequences,Cruise ship outbreak sequences,True,True,True,0.009879253567508232,18,1822,0.007724137931034483,28,3625,0.01610517666392769,98,6085,True,False
p1236,cruise,p1236,Netherlands-Case 5,III,III,Chilean sequences,Cruise ship outbreak sequences,True,True,True,0.009994447529150472,18,1801,0.007862959842740803,28,3561,0.016111371812920383,103,6393,True,False
p1236,cruise,p1236,Johannesburg-Case 2,III,III,Chilean sequences,Cruise ship outbreak sequences,True,True,True,0.01023308698123934,18,1759,0.00774764803541782,28,3614,0.01622211823428482,104,6411,True,False
p1236,cruise,p1236,Johannesburg-Case 3,III,III,Chilean sequences,Cruise ship outbreak sequences,True,True,True,0.010238907849829351,18,1758,0.007797270955165692,28,3591,0.016194331983805668,104,6422,True,False
p1236,cruise,p1236,Canada-Case 11_NPswab,III,III,Chilean sequences,Cruise ship outbreak sequences,True,True,True,0.011942174732872407,19,1591,0.007881462799495587,25,3172,0.01655355073663301,100,6041,True,False
p1236,cruise,p1236,Canada-Case 11_blood,III,III,Chilean sequences,Cruise ship outbreak sequences,True,True,True,0.010795454545454546,19,1760,0.007847533632286996,28,3568,0.01634241245136187,105,6425,True,False
cruise,cruise,France-Case 9,Spain-Case 10,III,III,Cruise ship outbreak sequences,Cruise ship outbreak sequences,True,True,True,0.0,0,1847,0.0,0,3644,0.0,0,6539,False,True
cruise,cruise,France-Case 9,Spain-Case 12,III,III,Cruise ship outbreak sequences,Cruise ship outbreak sequences,True,True,True,0.0,0,1847,0.0,0,3644,0.0,0,6539,False,True
cruise,Switzerland-Case 7,France-Case 9,Switzerland-Case 7,III,III,Cruise ship outbreak sequences,Cruise ship outbreak sequences,True,True,True,0.0,0,1847,0.0,0,3644,0.00015278838808250572,1,6545,False,True
cruise,cruise,France-Case 9,Netherlands-Case 6,III,III,Cruise ship outbreak sequences,Cruise ship outbreak sequences,True,True,True,0.0,0,1822,0.0,0,3625,0.0,0,6158,False,True
cruise,cruise,France-Case 9,Netherlands-Case 5,III,III,Cruise ship outbreak sequences,Cruise ship outbreak sequences,True,True,True,0.0,0,1801,0.0,0,3561,0.0001545595054095827,1,6470,False,True
cruise,cruise,France-Case 9,Johannesburg-Case 2,III,III,Cruise ship outbreak sequences,Cruise ship outbreak sequences,True,True,True,0.0,0,1759,0.0,0,3614,0.00030945381401825775,2,6463,False,True
cruise,cruise,France-Case 9,Johannesburg-Case 3,III,III,Cruise ship outbreak sequences,Cruise ship outbreak sequences,True,True,True,0.0,0,1758,0.0,0,3591,0.0,0,6522,False,True
cruise,cruise,France-Case 9,Canada-Case 11_NPswab,III,III,Cruise ship outbreak sequences,Cruise ship outbreak sequences,True,True,True,0.001257071024512885,2,1591,0.0,0,3172,0.0001638001638001638,1,6105,False,True
cruise,cruise,France-Case 9,Canada-Case 11_blood,III,III,Cruise ship outbreak sequences,Cruise ship outbreak sequences,True,True,True,0.0005681818181818182,1,1760,0.0,0,3568,0.00015372790161414298,1,6505,False,True
cruise,cruise,Spain-Case 10,Spain-Case 12,III,III,Cruise ship outbreak sequences,Cruise ship outbreak sequences,True,True,True,0.0,0,1847,0.0,0,3649,0.0,0,6539,False,True
cruise,Switzerland-Case 7,Spain-Case 10,Switzerland-Case 7,III,III,Cruise ship outbreak sequences,Cruise ship outbreak sequences,True,True,True,0.0,0,1847,0.0,0,3649,0.0001529285823520416,1,6539,False,True
cruise,cruise,Spain-Case 10,Netherlands-Case 6,III,III,Cruise ship outbreak sequences,Cruise ship outbreak sequences,True,True,True,0.0,0,1822,0.0,0,3625,0.0,0,6158,False,True
cruise,cruise,Spain-Case 10,Netherlands-Case 5,III,III,Cruise ship outbreak sequences,Cruise ship outbreak sequences,True,True,True,0.0,0,1801,0.0,0,3561,0.0001545595054095827,1,6470,False,True
cruise,cruise,Spain-Case 10,Johannesburg-Case 2,III,III,Cruise ship outbreak sequences,Cruise ship outbreak sequences,True,True,True,0.0,0,1759,0.0,0,3614,0.00015475085112968121,1,6462,False,True
cruise,cruise,Spain-Case 10,Johannesburg-Case 3,III,III,Cruise ship outbreak sequences,Cruise ship outbreak sequences,True,True,True,0.0,0,1758,0.0,0,3591,0.0,0,6520,False,True
cruise,cruise,Spain-Case 10,Canada-Case 11_NPswab,III,III,Cruise ship outbreak sequences,Cruise ship outbreak sequences,True,True,True,0.001257071024512885,2,1591,0.0,0,3172,0.0001638001638001638,1,6105,False,True
cruise,cruise,Spain-Case 10,Canada-Case 11_blood,III,III,Cruise ship outbreak sequences,Cruise ship outbreak sequences,True,True,True,0.0005681818181818182,1,1760,0.0,0,3568,0.00015372790161414298,1,6505,False,True
cruise,Switzerland-Case 7,Spain-Case 12,Switzerland-Case 7,III,III,Cruise ship outbreak sequences,Cruise ship outbreak sequences,True,True,True,0.0,0,1847,0.0,0,3649,0.0001529285823520416,1,6539,False,True
cruise,cruise,Spain-Case 12,Netherlands-Case 6,III,III,Cruise ship outbreak sequences,Cruise ship outbreak sequences,True,True,True,0.0,0,1822,0.0,0,3625,0.0,0,6158,False,True
cruise,cruise,Spain-Case 12,Netherlands-Case 5,III,III,Cruise ship outbreak sequences,Cruise ship outbreak sequences,True,True,True,0.0,0,1801,0.0,0,3561,0.0001545595054095827,1,6470,False,True
cruise,cruise,Spain-Case 12,Johannesburg-Case 2,III,III,Cruise ship outbreak sequences,Cruise ship outbreak sequences,True,True,True,0.0,0,1759,0.0,0,3614,0.00015475085112968121,1,6462,False,True
cruise,cruise,Spain-Case 12,Johannesburg-Case 3,III,III,Cruise ship outbreak sequences,Cruise ship outbreak sequences,True,True,True,0.0,0,1758,0.0,0,3591,0.0,0,6520,False,True
cruise,cruise,Spain-Case 12,Canada-Case 11_NPswab,III,III,Cruise ship outbreak sequences,Cruise ship outbreak sequences,True,True,True,0.001257071024512885,2,1591,0.0,0,3172,0.0001638001638001638,1,6105,False,True
cruise,cruise,Spain-Case 12,Canada-Case 11_blood,III,III,Cruise ship outbreak sequences,Cruise ship outbreak sequences,True,True,True,0.0005681818181818182,1,1760,0.0,0,3568,0.00015372790161414298,1,6505,False,True
Switzerland-Case 7,cruise,Switzerland-Case 7,Netherlands-Case 6,III,III,Cruise ship outbreak sequences,Cruise ship outbreak sequences,True,True,True,0.0,0,1822,0.0,0,3625,0.0,0,6158,False,True
Switzerland-Case 7,cruise,Switzerland-Case 7,Netherlands-Case 5,III,III,Cruise ship outbreak sequences,Cruise ship outbreak sequences,True,True,True,0.0,0,1801,0.0,0,3561,0.0003091190108191654,2,6470,False,True
Switzerland-Case 7,cruise,Switzerland-Case 7,Johannesburg-Case 2,III,III,Cruise ship outbreak sequences,Cruise ship outbreak sequences,True,True,True,0.0,0,1759,0.0,0,3614,0.0004641807210273867,3,6463,False,True
Switzerland-Case 7,cruise,Switzerland-Case 7,Johannesburg-Case 3,III,III,Cruise ship outbreak sequences,Cruise ship outbreak sequences,True,True,True,0.0,0,1758,0.0,0,3591,0.00015332720024532353,1,6522,False,True
Switzerland-Case 7,cruise,Switzerland-Case 7,Canada-Case 11_NPswab,III,III,Cruise ship outbreak sequences,Cruise ship outbreak sequences,True,True,True,0.001257071024512885,2,1591,0.0,0,3172,0.0003276003276003276,2,6105,False,True
Switzerland-Case 7,cruise,Switzerland-Case 7,Canada-Case 11_blood,III,III,Cruise ship outbreak sequences,Cruise ship outbreak sequences,True,True,True,0.0005681818181818182,1,1760,0.0,0,3568,0.00030745580322828596,2,6505,False,True
cruise,cruise,Netherlands-Case 6,Netherlands-Case 5,III,III,Cruise ship outbreak sequences,Cruise ship outbreak sequences,True,True,True,0.0,0,1799,0.0,0,3561,0.00016239038648911984,1,6158,False,True
cruise,cruise,Netherlands-Case 6,Johannesburg-Case 2,III,III,Cruise ship outbreak sequences,Cruise ship outbreak sequences,True,True,True,0.0,0,1759,0.0,0,3607,0.00016420361247947455,1,6090,False,True
cruise,cruise,Netherlands-Case 6,Johannesburg-Case 3,III,III,Cruise ship outbreak sequences,Cruise ship outbreak sequences,True,True,True,0.0,0,1758,0.0,0,3584,0.0,0,6144,False,True
cruise,cruise,Netherlands-Case 6,Canada-Case 11_NPswab,III,III,Cruise ship outbreak sequences,Cruise ship outbreak sequences,True,True,True,0.001257071024512885,2,1591,0.0,0,3172,0.0001718213058419244,1,5820,False,True
cruise,cruise,Netherlands-Case 6,Canada-Case 11_blood,III,III,Cruise ship outbreak sequences,Cruise ship outbreak sequences,True,True,True,0.0005681818181818182,1,1760,0.0,0,3568,0.0001626280696048138,1,6149,False,True
cruise,cruise,Netherlands-Case 5,Johannesburg-Case 2,III,III,Cruise ship outbreak sequences,Cruise ship outbreak sequences,True,True,True,0.0,0,1759,0.0,0,3558,0.00031279324366593683,2,6394,False,True
cruise,cruise,Netherlands-Case 5,Johannesburg-Case 3,III,III,Cruise ship outbreak sequences,Cruise ship outbreak sequences,True,True,True,0.0,0,1758,0.0,0,3561,0.00015499070055796651,1,6452,False,True
cruise,cruise,Netherlands-Case 5,Canada-Case 11_NPswab,III,III,Cruise ship outbreak sequences,Cruise ship outbreak sequences,True,True,True,0.001257071024512885,2,1591,0.0,0,3165,0.0,0,6105,False,True
cruise,cruise,Netherlands-Case 5,Canada-Case 11_blood,III,III,Cruise ship outbreak sequences,Cruise ship outbreak sequences,True,True,True,0.0005681818181818182,1,1760,0.0,0,3561,0.0,0,6457,False,True
cruise,cruise,Johannesburg-Case 2,Johannesburg-Case 3,III,III,Cruise ship outbreak sequences,Cruise ship outbreak sequences,True,True,True,0.0,0,1757,0.0,0,3588,0.00015479876160990713,1,6460,False,True
cruise,cruise,Johannesburg-Case 2,Canada-Case 11_NPswab,III,III,Cruise ship outbreak sequences,Cruise ship outbreak sequences,True,True,True,0.0012578616352201257,2,1590,0.0,0,3169,0.00033101621979476995,2,6042,False,True
cruise,cruise,Johannesburg-Case 2,Canada-Case 11_blood,III,III,Cruise ship outbreak sequences,Cruise ship outbreak sequences,True,True,True,0.0005685048322910744,1,1759,0.0,0,3565,0.0003104625892579944,2,6442,False,True
cruise,cruise,Johannesburg-Case 3,Canada-Case 11_NPswab,III,III,Cruise ship outbreak sequences,Cruise ship outbreak sequences,True,True,True,0.0012578616352201257,2,1590,0.0,0,3172,0.0001639344262295082,1,6100,False,True
cruise,cruise,Johannesburg-Case 3,Canada-Case 11_blood,III,III,Cruise ship outbreak sequences,Cruise ship outbreak sequences,True,True,True,0.0005688282138794084,1,1758,0.0,0,3568,0.00015384615384615385,1,6500,False,True
cruise,cruise,Canada-Case 11_NPswab,Canada-Case 11_blood,III,III,Cruise ship outbreak sequences,Cruise ship outbreak sequences,True,True,True,0.0006285355122564425,1,1591,0.0,0,3172,0.0,0,6105,False,True
