segment,seq_a,seq_b,overall_p_distance,aln_start,aln_end,aln_mid,mutations,p_distance
S,p1059,NRC-4/18,0.0016137708445400753,9,108,58.5,0,0.0
S,p1059,NRC-4/18,0.0016137708445400753,19,118,68.5,0,0.0
S,p1059,NRC-4/18,0.0016137708445400753,29,128,78.5,0,0.0
S,p1059,NRC-4/18,0.0016137708445400753,39,138,88.5,0,0.0
S,p1059,NRC-4/18,0.0016137708445400753,49,148,98.5,0,0.0
S,p1059,NRC-4/18,0.0016137708445400753,59,158,108.5,0,0.0
S,p1059,NRC-4/18,0.0016137708445400753,69,168,118.5,0,0.0
S,p1059,NRC-4/18,0.0016137708445400753,79,178,128.5,0,0.0
S,p1059,NRC-4/18,0.0016137708445400753,89,188,138.5,0,0.0
S,p1059,NRC-4/18,0.0016137708445400753,99,198,148.5,0,0.0
S,p1059,NRC-4/18,0.0016137708445400753,109,208,158.5,0,0.0
S,p1059,NRC-4/18,0.0016137708445400753,119,218,168.5,0,0.0
S,p1059,NRC-4/18,0.0016137708445400753,129,228,178.5,0,0.0
S,p1059,NRC-4/18,0.0016137708445400753,139,238,188.5,0,0.0
S,p1059,NRC-4/18,0.0016137708445400753,149,248,198.5,0,0.0
S,p1059,NRC-4/18,0.0016137708445400753,159,258,208.5,0,0.0
S,p1059,NRC-4/18,0.0016137708445400753,169,268,218.5,0,0.0
S,p1059,NRC-4/18,0.0016137708445400753,179,278,228.5,0,0.0
S,p1059,NRC-4/18,0.0016137708445400753,189,288,238.5,0,0.0
S,p1059,NRC-4/18,0.0016137708445400753,199,298,248.5,0,0.0
S,p1059,NRC-4/18,0.0016137708445400753,209,308,258.5,0,0.0
S,p1059,NRC-4/18,0.0016137708445400753,219,318,268.5,0,0.0
S,p1059,NRC-4/18,0.0016137708445400753,229,328,278.5,0,0.0
S,p1059,NRC-4/18,0.0016137708445400753,239,338,288.5,0,0.0
S,p1059,NRC-4/18,0.0016137708445400753,249,348,298.5,0,0.0
S,p1059,NRC-4/18,0.0016137708445400753,259,358,308.5,0,0.0
S,p1059,NRC-4/18,0.0016137708445400753,269,368,318.5,0,0.0
S,p1059,NRC-4/18,0.0016137708445400753,279,378,328.5,0,0.0
S,p1059,NRC-4/18,0.0016137708445400753,289,388,338.5,0,0.0
S,p1059,NRC-4/18,0.0016137708445400753,299,398,348.5,0,0.0
S,p1059,NRC-4/18,0.0016137708445400753,309,408,358.5,0,0.0
S,p1059,NRC-4/18,0.0016137708445400753,319,418,368.5,0,0.0
S,p1059,NRC-4/18,0.0016137708445400753,329,428,378.5,0,0.0
S,p1059,NRC-4/18,0.0016137708445400753,339,438,388.5,0,0.0
S,p1059,NRC-4/18,0.0016137708445400753,349,448,398.5,0,0.0
S,p1059,NRC-4/18,0.0016137708445400753,359,458,408.5,0,0.0
S,p1059,NRC-4/18,0.0016137708445400753,369,468,418.5,0,0.0
S,p1059,NRC-4/18,0.0016137708445400753,379,478,428.5,0,0.0
S,p1059,NRC-4/18,0.0016137708445400753,389,488,438.5,0,0.0
S,p1059,NRC-4/18,0.0016137708445400753,399,498,448.5,0,0.0
S,p1059,NRC-4/18,0.0016137708445400753,409,508,458.5,0,0.0
S,p1059,NRC-4/18,0.0016137708445400753,419,518,468.5,0,0.0
S,p1059,NRC-4/18,0.0016137708445400753,429,528,478.5,0,0.0
S,p1059,NRC-4/18,0.0016137708445400753,439,538,488.5,0,0.0
S,p1059,NRC-4/18,0.0016137708445400753,449,548,498.5,0,0.0
S,p1059,NRC-4/18,0.0016137708445400753,459,558,508.5,0,0.0
S,p1059,NRC-4/18,0.0016137708445400753,469,568,518.5,0,0.0
S,p1059,NRC-4/18,0.0016137708445400753,479,578,528.5,0,0.0
S,p1059,NRC-4/18,0.0016137708445400753,489,588,538.5,0,0.0
S,p1059,NRC-4/18,0.0016137708445400753,499,598,548.5,0,0.0
S,p1059,NRC-4/18,0.0016137708445400753,509,608,558.5,0,0.0
S,p1059,NRC-4/18,0.0016137708445400753,519,618,568.5,0,0.0
S,p1059,NRC-4/18,0.0016137708445400753,529,628,578.5,0,0.0
S,p1059,NRC-4/18,0.0016137708445400753,539,638,588.5,0,0.0
S,p1059,NRC-4/18,0.0016137708445400753,549,648,598.5,0,0.0
S,p1059,NRC-4/18,0.0016137708445400753,559,658,608.5,0,0.0
S,p1059,NRC-4/18,0.0016137708445400753,569,668,618.5,0,0.0
S,p1059,NRC-4/18,0.0016137708445400753,579,678,628.5,0,0.0
S,p1059,NRC-4/18,0.0016137708445400753,589,688,638.5,0,0.0
S,p1059,NRC-4/18,0.0016137708445400753,599,698,648.5,0,0.0
S,p1059,NRC-4/18,0.0016137708445400753,609,708,658.5,0,0.0
S,p1059,NRC-4/18,0.0016137708445400753,619,718,668.5,0,0.0
S,p1059,NRC-4/18,0.0016137708445400753,629,728,678.5,0,0.0
S,p1059,NRC-4/18,0.0016137708445400753,639,738,688.5,0,0.0
S,p1059,NRC-4/18,0.0016137708445400753,649,748,698.5,0,0.0
S,p1059,NRC-4/18,0.0016137708445400753,659,758,708.5,0,0.0
S,p1059,NRC-4/18,0.0016137708445400753,669,768,718.5,0,0.0
S,p1059,NRC-4/18,0.0016137708445400753,679,778,728.5,0,0.0
S,p1059,NRC-4/18,0.0016137708445400753,689,788,738.5,0,0.0
S,p1059,NRC-4/18,0.0016137708445400753,699,798,748.5,0,0.0
S,p1059,NRC-4/18,0.0016137708445400753,709,808,758.5,0,0.0
S,p1059,NRC-4/18,0.0016137708445400753,719,818,768.5,0,0.0
S,p1059,NRC-4/18,0.0016137708445400753,729,828,778.5,0,0.0
S,p1059,NRC-4/18,0.0016137708445400753,739,838,788.5,0,0.0
S,p1059,NRC-4/18,0.0016137708445400753,749,848,798.5,0,0.0
S,p1059,NRC-4/18,0.0016137708445400753,759,858,808.5,0,0.0
S,p1059,NRC-4/18,0.0016137708445400753,769,868,818.5,0,0.0
S,p1059,NRC-4/18,0.0016137708445400753,779,878,828.5,0,0.0
S,p1059,NRC-4/18,0.0016137708445400753,789,888,838.5,0,0.0
S,p1059,NRC-4/18,0.0016137708445400753,799,898,848.5,0,0.0
S,p1059,NRC-4/18,0.0016137708445400753,809,908,858.5,0,0.0
S,p1059,NRC-4/18,0.0016137708445400753,819,918,868.5,0,0.0
S,p1059,NRC-4/18,0.0016137708445400753,829,928,878.5,0,0.0
S,p1059,NRC-4/18,0.0016137708445400753,839,938,888.5,0,0.0
S,p1059,NRC-4/18,0.0016137708445400753,849,948,898.5,0,0.0
S,p1059,NRC-4/18,0.0016137708445400753,859,958,908.5,0,0.0
S,p1059,NRC-4/18,0.0016137708445400753,869,968,918.5,0,0.0
S,p1059,NRC-4/18,0.0016137708445400753,879,978,928.5,0,0.0
S,p1059,NRC-4/18,0.0016137708445400753,889,988,938.5,0,0.0
S,p1059,NRC-4/18,0.0016137708445400753,899,998,948.5,0,0.0
S,p1059,NRC-4/18,0.0016137708445400753,909,1008,958.5,0,0.0
S,p1059,NRC-4/18,0.0016137708445400753,919,1018,968.5,0,0.0
S,p1059,NRC-4/18,0.0016137708445400753,929,1028,978.5,0,0.0
S,p1059,NRC-4/18,0.0016137708445400753,939,1038,988.5,0,0.0
S,p1059,NRC-4/18,0.0016137708445400753,949,1048,998.5,0,0.0
S,p1059,NRC-4/18,0.0016137708445400753,959,1058,1008.5,1,0.01
S,p1059,NRC-4/18,0.0016137708445400753,969,1068,1018.5,1,0.01
S,p1059,NRC-4/18,0.0016137708445400753,979,1078,1028.5,1,0.01
S,p1059,NRC-4/18,0.0016137708445400753,989,1088,1038.5,1,0.01
S,p1059,NRC-4/18,0.0016137708445400753,999,1098,1048.5,1,0.01
S,p1059,NRC-4/18,0.0016137708445400753,1009,1108,1058.5,1,0.01
S,p1059,NRC-4/18,0.0016137708445400753,1019,1118,1068.5,1,0.01
S,p1059,NRC-4/18,0.0016137708445400753,1029,1128,1078.5,1,0.01
S,p1059,NRC-4/18,0.0016137708445400753,1039,1138,1088.5,1,0.01
S,p1059,NRC-4/18,0.0016137708445400753,1049,1148,1098.5,1,0.01
S,p1059,NRC-4/18,0.0016137708445400753,1059,1158,1108.5,0,0.0
S,p1059,NRC-4/18,0.0016137708445400753,1069,1168,1118.5,0,0.0
S,p1059,NRC-4/18,0.0016137708445400753,1079,1178,1128.5,0,0.0
S,p1059,NRC-4/18,0.0016137708445400753,1089,1188,1138.5,1,0.01
S,p1059,NRC-4/18,0.0016137708445400753,1099,1198,1148.5,1,0.01
S,p1059,NRC-4/18,0.0016137708445400753,1109,1208,1158.5,1,0.01
S,p1059,NRC-4/18,0.0016137708445400753,1119,1218,1168.5,1,0.01
S,p1059,NRC-4/18,0.0016137708445400753,1129,1228,1178.5,1,0.01
S,p1059,NRC-4/18,0.0016137708445400753,1139,1238,1188.5,1,0.01
S,p1059,NRC-4/18,0.0016137708445400753,1149,1248,1198.5,1,0.01
S,p1059,NRC-4/18,0.0016137708445400753,1159,1258,1208.5,1,0.01
S,p1059,NRC-4/18,0.0016137708445400753,1169,1268,1218.5,1,0.01
S,p1059,NRC-4/18,0.0016137708445400753,1179,1278,1228.5,1,0.01
S,p1059,NRC-4/18,0.0016137708445400753,1189,1288,1238.5,0,0.0
S,p1059,NRC-4/18,0.0016137708445400753,1199,1298,1248.5,0,0.0
S,p1059,NRC-4/18,0.0016137708445400753,1209,1308,1258.5,0,0.0
S,p1059,NRC-4/18,0.0016137708445400753,1219,1318,1268.5,1,0.01
S,p1059,NRC-4/18,0.0016137708445400753,1229,1328,1278.5,1,0.01
S,p1059,NRC-4/18,0.0016137708445400753,1239,1338,1288.5,1,0.01
S,p1059,NRC-4/18,0.0016137708445400753,1249,1348,1298.5,1,0.01
S,p1059,NRC-4/18,0.0016137708445400753,1259,1358,1308.5,1,0.01
S,p1059,NRC-4/18,0.0016137708445400753,1269,1368,1318.5,1,0.01
S,p1059,NRC-4/18,0.0016137708445400753,1279,1378,1328.5,1,0.01
S,p1059,NRC-4/18,0.0016137708445400753,1289,1388,1338.5,1,0.01
S,p1059,NRC-4/18,0.0016137708445400753,1299,1398,1348.5,1,0.01
S,p1059,NRC-4/18,0.0016137708445400753,1309,1408,1358.5,1,0.01
S,p1059,NRC-4/18,0.0016137708445400753,1319,1418,1368.5,0,0.0
S,p1059,NRC-4/18,0.0016137708445400753,1329,1428,1378.5,0,0.0
S,p1059,NRC-4/18,0.0016137708445400753,1339,1439,1389.0,0,0.0
S,p1059,NRC-4/18,0.0016137708445400753,1349,1450,1399.5,0,0.0
S,p1059,NRC-4/18,0.0016137708445400753,1359,1460,1409.5,0,0.0
S,p1059,NRC-4/18,0.0016137708445400753,1369,1470,1419.5,0,0.0
S,p1059,NRC-4/18,0.0016137708445400753,1379,1480,1429.5,0,0.0
S,p1059,NRC-4/18,0.0016137708445400753,1389,1492,1440.5,0,0.0
S,p1059,NRC-4/18,0.0016137708445400753,1399,1502,1450.5,0,0.0
S,p1059,NRC-4/18,0.0016137708445400753,1409,1512,1460.5,0,0.0
S,p1059,NRC-4/18,0.0016137708445400753,1419,1522,1470.5,0,0.0
S,p1059,NRC-4/18,0.0016137708445400753,1429,1532,1480.5,0,0.0
S,p1059,NRC-4/18,0.0016137708445400753,1440,1548,1494.0,0,0.0
S,p1059,NRC-4/18,0.0016137708445400753,1451,1559,1505.0,0,0.0
S,p1059,NRC-4/18,0.0016137708445400753,1461,1569,1515.0,0,0.0
S,p1059,NRC-4/18,0.0016137708445400753,1471,1580,1525.5,0,0.0
S,p1059,NRC-4/18,0.0016137708445400753,1481,1590,1535.5,0,0.0
S,p1059,NRC-4/18,0.0016137708445400753,1493,1600,1546.5,0,0.0
S,p1059,NRC-4/18,0.0016137708445400753,1503,1610,1556.5,0,0.0
S,p1059,NRC-4/18,0.0016137708445400753,1513,1620,1566.5,0,0.0
S,p1059,NRC-4/18,0.0016137708445400753,1523,1630,1576.5,0,0.0
S,p1059,NRC-4/18,0.0016137708445400753,1533,1641,1587.0,0,0.0
S,p1059,NRC-4/18,0.0016137708445400753,1549,1651,1600.0,0,0.0
S,p1059,NRC-4/18,0.0016137708445400753,1560,1661,1610.5,0,0.0
S,p1059,NRC-4/18,0.0016137708445400753,1570,1671,1620.5,0,0.0
S,p1059,NRC-4/18,0.0016137708445400753,1581,1682,1631.5,0,0.0
S,p1059,NRC-4/18,0.0016137708445400753,1591,1692,1641.5,0,0.0
S,p1059,NRC-4/18,0.0016137708445400753,1601,1702,1651.5,0,0.0
S,p1059,NRC-4/18,0.0016137708445400753,1611,1712,1661.5,0,0.0
S,p1059,NRC-4/18,0.0016137708445400753,1621,1722,1671.5,0,0.0
S,p1059,NRC-4/18,0.0016137708445400753,1631,1732,1681.5,0,0.0
S,p1059,NRC-4/18,0.0016137708445400753,1642,1742,1692.0,0,0.0
S,p1059,NRC-4/18,0.0016137708445400753,1652,1752,1702.0,0,0.0
S,p1059,NRC-4/18,0.0016137708445400753,1662,1762,1712.0,0,0.0
S,p1059,NRC-4/18,0.0016137708445400753,1672,1772,1722.0,0,0.0
S,p1059,NRC-4/18,0.0016137708445400753,1683,1782,1732.5,0,0.0
S,p1059,NRC-4/18,0.0016137708445400753,1693,1792,1742.5,0,0.0
S,p1059,NRC-4/18,0.0016137708445400753,1703,1802,1752.5,0,0.0
S,p1059,NRC-4/18,0.0016137708445400753,1713,1813,1763.0,0,0.0
S,p1059,NRC-4/18,0.0016137708445400753,1723,1823,1773.0,0,0.0
S,p1059,NRC-4/18,0.0016137708445400753,1733,1833,1783.0,0,0.0
S,p1059,NRC-4/18,0.0016137708445400753,1743,1843,1793.0,0,0.0
S,p1059,NRC-4/18,0.0016137708445400753,1753,1853,1803.0,0,0.0
S,p1059,NRC-4/18,0.0016137708445400753,1763,1863,1813.0,0,0.0
S,p1059,NRC-4/18,0.0016137708445400753,1773,1873,1823.0,0,0.0
M,p1059,NRC-4/18,0.009876543209876543,8,107,57.5,0,0.0
M,p1059,NRC-4/18,0.009876543209876543,18,117,67.5,0,0.0
M,p1059,NRC-4/18,0.009876543209876543,28,127,77.5,0,0.0
M,p1059,NRC-4/18,0.009876543209876543,38,137,87.5,0,0.0
M,p1059,NRC-4/18,0.009876543209876543,48,147,97.5,0,0.0
M,p1059,NRC-4/18,0.009876543209876543,58,157,107.5,0,0.0
M,p1059,NRC-4/18,0.009876543209876543,68,167,117.5,0,0.0
M,p1059,NRC-4/18,0.009876543209876543,78,177,127.5,0,0.0
M,p1059,NRC-4/18,0.009876543209876543,88,187,137.5,0,0.0
M,p1059,NRC-4/18,0.009876543209876543,98,197,147.5,0,0.0
M,p1059,NRC-4/18,0.009876543209876543,108,207,157.5,0,0.0
M,p1059,NRC-4/18,0.009876543209876543,118,217,167.5,0,0.0
M,p1059,NRC-4/18,0.009876543209876543,128,227,177.5,0,0.0
M,p1059,NRC-4/18,0.009876543209876543,138,237,187.5,1,0.01
M,p1059,NRC-4/18,0.009876543209876543,148,247,197.5,1,0.01
M,p1059,NRC-4/18,0.009876543209876543,158,257,207.5,1,0.01
M,p1059,NRC-4/18,0.009876543209876543,168,267,217.5,1,0.01
M,p1059,NRC-4/18,0.009876543209876543,178,277,227.5,1,0.01
M,p1059,NRC-4/18,0.009876543209876543,188,287,237.5,1,0.01
M,p1059,NRC-4/18,0.009876543209876543,198,297,247.5,1,0.01
M,p1059,NRC-4/18,0.009876543209876543,208,307,257.5,1,0.01
M,p1059,NRC-4/18,0.009876543209876543,218,317,267.5,1,0.01
M,p1059,NRC-4/18,0.009876543209876543,228,327,277.5,1,0.01
M,p1059,NRC-4/18,0.009876543209876543,238,337,287.5,0,0.0
M,p1059,NRC-4/18,0.009876543209876543,248,347,297.5,0,0.0
M,p1059,NRC-4/18,0.009876543209876543,258,357,307.5,1,0.01
M,p1059,NRC-4/18,0.009876543209876543,268,367,317.5,2,0.02
M,p1059,NRC-4/18,0.009876543209876543,278,377,327.5,3,0.03
M,p1059,NRC-4/18,0.009876543209876543,288,387,337.5,4,0.04
M,p1059,NRC-4/18,0.009876543209876543,298,397,347.5,4,0.04
M,p1059,NRC-4/18,0.009876543209876543,308,407,357.5,4,0.04
M,p1059,NRC-4/18,0.009876543209876543,318,417,367.5,5,0.05
M,p1059,NRC-4/18,0.009876543209876543,328,427,377.5,5,0.05
M,p1059,NRC-4/18,0.009876543209876543,338,437,387.5,5,0.05
M,p1059,NRC-4/18,0.009876543209876543,348,447,397.5,5,0.05
M,p1059,NRC-4/18,0.009876543209876543,358,457,407.5,5,0.05
M,p1059,NRC-4/18,0.009876543209876543,368,467,417.5,4,0.04
M,p1059,NRC-4/18,0.009876543209876543,378,477,427.5,3,0.03
M,p1059,NRC-4/18,0.009876543209876543,388,487,437.5,2,0.02
M,p1059,NRC-4/18,0.009876543209876543,398,497,447.5,2,0.02
M,p1059,NRC-4/18,0.009876543209876543,408,507,457.5,2,0.02
M,p1059,NRC-4/18,0.009876543209876543,418,517,467.5,1,0.01
M,p1059,NRC-4/18,0.009876543209876543,428,527,477.5,1,0.01
M,p1059,NRC-4/18,0.009876543209876543,438,537,487.5,1,0.01
M,p1059,NRC-4/18,0.009876543209876543,448,547,497.5,1,0.01
M,p1059,NRC-4/18,0.009876543209876543,458,557,507.5,0,0.0
M,p1059,NRC-4/18,0.009876543209876543,468,567,517.5,0,0.0
M,p1059,NRC-4/18,0.009876543209876543,478,577,527.5,0,0.0
M,p1059,NRC-4/18,0.009876543209876543,488,587,537.5,0,0.0
M,p1059,NRC-4/18,0.009876543209876543,498,597,547.5,0,0.0
M,p1059,NRC-4/18,0.009876543209876543,508,607,557.5,0,0.0
M,p1059,NRC-4/18,0.009876543209876543,518,617,567.5,0,0.0
M,p1059,NRC-4/18,0.009876543209876543,528,627,577.5,0,0.0
M,p1059,NRC-4/18,0.009876543209876543,538,637,587.5,1,0.01
M,p1059,NRC-4/18,0.009876543209876543,548,647,597.5,2,0.02
M,p1059,NRC-4/18,0.009876543209876543,558,657,607.5,2,0.02
M,p1059,NRC-4/18,0.009876543209876543,568,667,617.5,2,0.02
M,p1059,NRC-4/18,0.009876543209876543,578,677,627.5,3,0.03
M,p1059,NRC-4/18,0.009876543209876543,588,687,637.5,3,0.03
M,p1059,NRC-4/18,0.009876543209876543,598,697,647.5,3,0.03
M,p1059,NRC-4/18,0.009876543209876543,608,707,657.5,3,0.03
M,p1059,NRC-4/18,0.009876543209876543,618,717,667.5,4,0.04
M,p1059,NRC-4/18,0.009876543209876543,628,727,677.5,4,0.04
M,p1059,NRC-4/18,0.009876543209876543,638,737,687.5,3,0.03
M,p1059,NRC-4/18,0.009876543209876543,648,747,697.5,2,0.02
M,p1059,NRC-4/18,0.009876543209876543,658,757,707.5,2,0.02
M,p1059,NRC-4/18,0.009876543209876543,668,767,717.5,2,0.02
M,p1059,NRC-4/18,0.009876543209876543,678,777,727.5,1,0.01
M,p1059,NRC-4/18,0.009876543209876543,688,787,737.5,1,0.01
M,p1059,NRC-4/18,0.009876543209876543,698,797,747.5,1,0.01
M,p1059,NRC-4/18,0.009876543209876543,708,807,757.5,1,0.01
M,p1059,NRC-4/18,0.009876543209876543,718,817,767.5,0,0.0
M,p1059,NRC-4/18,0.009876543209876543,728,827,777.5,0,0.0
M,p1059,NRC-4/18,0.009876543209876543,738,837,787.5,0,0.0
M,p1059,NRC-4/18,0.009876543209876543,748,847,797.5,1,0.01
M,p1059,NRC-4/18,0.009876543209876543,758,857,807.5,1,0.01
M,p1059,NRC-4/18,0.009876543209876543,768,867,817.5,1,0.01
M,p1059,NRC-4/18,0.009876543209876543,778,877,827.5,2,0.02
M,p1059,NRC-4/18,0.009876543209876543,788,887,837.5,2,0.02
M,p1059,NRC-4/18,0.009876543209876543,798,897,847.5,2,0.02
M,p1059,NRC-4/18,0.009876543209876543,808,907,857.5,3,0.03
M,p1059,NRC-4/18,0.009876543209876543,818,917,867.5,3,0.03
M,p1059,NRC-4/18,0.009876543209876543,828,927,877.5,3,0.03
M,p1059,NRC-4/18,0.009876543209876543,838,937,887.5,3,0.03
M,p1059,NRC-4/18,0.009876543209876543,848,947,897.5,3,0.03
M,p1059,NRC-4/18,0.009876543209876543,858,957,907.5,3,0.03
M,p1059,NRC-4/18,0.009876543209876543,868,967,917.5,3,0.03
M,p1059,NRC-4/18,0.009876543209876543,878,977,927.5,2,0.02
M,p1059,NRC-4/18,0.009876543209876543,888,987,937.5,2,0.02
M,p1059,NRC-4/18,0.009876543209876543,898,997,947.5,2,0.02
M,p1059,NRC-4/18,0.009876543209876543,908,1007,957.5,1,0.01
M,p1059,NRC-4/18,0.009876543209876543,918,1017,967.5,1,0.01
M,p1059,NRC-4/18,0.009876543209876543,928,1027,977.5,1,0.01
M,p1059,NRC-4/18,0.009876543209876543,938,1037,987.5,1,0.01
M,p1059,NRC-4/18,0.009876543209876543,948,1047,997.5,0,0.0
M,p1059,NRC-4/18,0.009876543209876543,958,1057,1007.5,0,0.0
M,p1059,NRC-4/18,0.009876543209876543,968,1067,1017.5,0,0.0
M,p1059,NRC-4/18,0.009876543209876543,978,1077,1027.5,0,0.0
M,p1059,NRC-4/18,0.009876543209876543,988,1087,1037.5,0,0.0
M,p1059,NRC-4/18,0.009876543209876543,998,1097,1047.5,0,0.0
M,p1059,NRC-4/18,0.009876543209876543,1008,1107,1057.5,0,0.0
M,p1059,NRC-4/18,0.009876543209876543,1018,1117,1067.5,0,0.0
M,p1059,NRC-4/18,0.009876543209876543,1028,1127,1077.5,0,0.0
M,p1059,NRC-4/18,0.009876543209876543,1038,1137,1087.5,0,0.0
M,p1059,NRC-4/18,0.009876543209876543,1048,1147,1097.5,0,0.0
M,p1059,NRC-4/18,0.009876543209876543,1058,1157,1107.5,0,0.0
M,p1059,NRC-4/18,0.009876543209876543,1068,1167,1117.5,0,0.0
M,p1059,NRC-4/18,0.009876543209876543,1078,1177,1127.5,0,0.0
M,p1059,NRC-4/18,0.009876543209876543,1088,1187,1137.5,0,0.0
M,p1059,NRC-4/18,0.009876543209876543,1098,1197,1147.5,0,0.0
M,p1059,NRC-4/18,0.009876543209876543,1108,1207,1157.5,0,0.0
M,p1059,NRC-4/18,0.009876543209876543,1118,1217,1167.5,1,0.01
M,p1059,NRC-4/18,0.009876543209876543,1128,1227,1177.5,1,0.01
M,p1059,NRC-4/18,0.009876543209876543,1138,1237,1187.5,1,0.01
M,p1059,NRC-4/18,0.009876543209876543,1148,1247,1197.5,1,0.01
M,p1059,NRC-4/18,0.009876543209876543,1158,1257,1207.5,1,0.01
M,p1059,NRC-4/18,0.009876543209876543,1168,1267,1217.5,1,0.01
M,p1059,NRC-4/18,0.009876543209876543,1178,1277,1227.5,1,0.01
M,p1059,NRC-4/18,0.009876543209876543,1188,1287,1237.5,1,0.01
M,p1059,NRC-4/18,0.009876543209876543,1198,1297,1247.5,1,0.01
M,p1059,NRC-4/18,0.009876543209876543,1208,1307,1257.5,1,0.01
M,p1059,NRC-4/18,0.009876543209876543,1218,1317,1267.5,0,0.0
M,p1059,NRC-4/18,0.009876543209876543,1228,1327,1277.5,0,0.0
M,p1059,NRC-4/18,0.009876543209876543,1238,1337,1287.5,0,0.0
M,p1059,NRC-4/18,0.009876543209876543,1248,1347,1297.5,1,0.01
M,p1059,NRC-4/18,0.009876543209876543,1258,1357,1307.5,1,0.01
M,p1059,NRC-4/18,0.009876543209876543,1268,1367,1317.5,2,0.02
M,p1059,NRC-4/18,0.009876543209876543,1278,1377,1327.5,2,0.02
M,p1059,NRC-4/18,0.009876543209876543,1288,1387,1337.5,2,0.02
M,p1059,NRC-4/18,0.009876543209876543,1298,1397,1347.5,2,0.02
M,p1059,NRC-4/18,0.009876543209876543,1308,1407,1357.5,2,0.02
M,p1059,NRC-4/18,0.009876543209876543,1318,1417,1367.5,3,0.03
M,p1059,NRC-4/18,0.009876543209876543,1328,1427,1377.5,3,0.03
M,p1059,NRC-4/18,0.009876543209876543,1338,1437,1387.5,3,0.03
M,p1059,NRC-4/18,0.009876543209876543,1348,1447,1397.5,2,0.02
M,p1059,NRC-4/18,0.009876543209876543,1358,1457,1407.5,2,0.02
M,p1059,NRC-4/18,0.009876543209876543,1368,1467,1417.5,1,0.01
M,p1059,NRC-4/18,0.009876543209876543,1378,1477,1427.5,1,0.01
M,p1059,NRC-4/18,0.009876543209876543,1388,1487,1437.5,1,0.01
M,p1059,NRC-4/18,0.009876543209876543,1398,1497,1447.5,1,0.01
M,p1059,NRC-4/18,0.009876543209876543,1408,1507,1457.5,1,0.01
M,p1059,NRC-4/18,0.009876543209876543,1418,1517,1467.5,0,0.0
M,p1059,NRC-4/18,0.009876543209876543,1428,1527,1477.5,0,0.0
M,p1059,NRC-4/18,0.009876543209876543,1438,1537,1487.5,1,0.01
M,p1059,NRC-4/18,0.009876543209876543,1448,1547,1497.5,1,0.01
M,p1059,NRC-4/18,0.009876543209876543,1458,1557,1507.5,1,0.01
M,p1059,NRC-4/18,0.009876543209876543,1468,1567,1517.5,1,0.01
M,p1059,NRC-4/18,0.009876543209876543,1478,1577,1527.5,1,0.01
M,p1059,NRC-4/18,0.009876543209876543,1488,1587,1537.5,1,0.01
M,p1059,NRC-4/18,0.009876543209876543,1498,1597,1547.5,1,0.01
M,p1059,NRC-4/18,0.009876543209876543,1508,1607,1557.5,1,0.01
M,p1059,NRC-4/18,0.009876543209876543,1518,1617,1567.5,2,0.02
M,p1059,NRC-4/18,0.009876543209876543,1528,1627,1577.5,2,0.02
M,p1059,NRC-4/18,0.009876543209876543,1538,1637,1587.5,1,0.01
M,p1059,NRC-4/18,0.009876543209876543,1548,1647,1597.5,2,0.02
M,p1059,NRC-4/18,0.009876543209876543,1558,1657,1607.5,2,0.02
M,p1059,NRC-4/18,0.009876543209876543,1568,1667,1617.5,2,0.02
M,p1059,NRC-4/18,0.009876543209876543,1578,1677,1627.5,3,0.03
M,p1059,NRC-4/18,0.009876543209876543,1588,1687,1637.5,3,0.03
M,p1059,NRC-4/18,0.009876543209876543,1598,1697,1647.5,3,0.03
M,p1059,NRC-4/18,0.009876543209876543,1608,1707,1657.5,3,0.03
M,p1059,NRC-4/18,0.009876543209876543,1618,1717,1667.5,2,0.02
M,p1059,NRC-4/18,0.009876543209876543,1628,1727,1677.5,2,0.02
M,p1059,NRC-4/18,0.009876543209876543,1638,1737,1687.5,2,0.02
M,p1059,NRC-4/18,0.009876543209876543,1648,1747,1697.5,1,0.01
M,p1059,NRC-4/18,0.009876543209876543,1658,1757,1707.5,1,0.01
M,p1059,NRC-4/18,0.009876543209876543,1668,1767,1717.5,1,0.01
M,p1059,NRC-4/18,0.009876543209876543,1678,1777,1727.5,0,0.0
M,p1059,NRC-4/18,0.009876543209876543,1688,1787,1737.5,0,0.0
M,p1059,NRC-4/18,0.009876543209876543,1698,1797,1747.5,0,0.0
M,p1059,NRC-4/18,0.009876543209876543,1708,1807,1757.5,0,0.0
M,p1059,NRC-4/18,0.009876543209876543,1718,1817,1767.5,0,0.0
M,p1059,NRC-4/18,0.009876543209876543,1728,1827,1777.5,0,0.0
M,p1059,NRC-4/18,0.009876543209876543,1738,1837,1787.5,0,0.0
M,p1059,NRC-4/18,0.009876543209876543,1748,1847,1797.5,0,0.0
M,p1059,NRC-4/18,0.009876543209876543,1758,1857,1807.5,0,0.0
M,p1059,NRC-4/18,0.009876543209876543,1768,1867,1817.5,0,0.0
M,p1059,NRC-4/18,0.009876543209876543,1778,1877,1827.5,0,0.0
M,p1059,NRC-4/18,0.009876543209876543,1788,1887,1837.5,0,0.0
M,p1059,NRC-4/18,0.009876543209876543,1798,1897,1847.5,0,0.0
M,p1059,NRC-4/18,0.009876543209876543,1808,1907,1857.5,0,0.0
M,p1059,NRC-4/18,0.009876543209876543,1818,1917,1867.5,0,0.0
M,p1059,NRC-4/18,0.009876543209876543,1828,1927,1877.5,0,0.0
M,p1059,NRC-4/18,0.009876543209876543,1838,1937,1887.5,0,0.0
M,p1059,NRC-4/18,0.009876543209876543,1848,1947,1897.5,0,0.0
M,p1059,NRC-4/18,0.009876543209876543,1858,1957,1907.5,0,0.0
M,p1059,NRC-4/18,0.009876543209876543,1868,1967,1917.5,0,0.0
M,p1059,NRC-4/18,0.009876543209876543,1878,1977,1927.5,0,0.0
M,p1059,NRC-4/18,0.009876543209876543,1888,1987,1937.5,0,0.0
M,p1059,NRC-4/18,0.009876543209876543,1898,1997,1947.5,0,0.0
M,p1059,NRC-4/18,0.009876543209876543,1908,2007,1957.5,0,0.0
M,p1059,NRC-4/18,0.009876543209876543,1918,2017,1967.5,0,0.0
M,p1059,NRC-4/18,0.009876543209876543,1928,2027,1977.5,0,0.0
M,p1059,NRC-4/18,0.009876543209876543,1938,2037,1987.5,0,0.0
M,p1059,NRC-4/18,0.009876543209876543,1948,2047,1997.5,0,0.0
M,p1059,NRC-4/18,0.009876543209876543,1958,2057,2007.5,0,0.0
M,p1059,NRC-4/18,0.009876543209876543,1968,2067,2017.5,0,0.0
M,p1059,NRC-4/18,0.009876543209876543,1978,2077,2027.5,0,0.0
M,p1059,NRC-4/18,0.009876543209876543,1988,2087,2037.5,1,0.01
M,p1059,NRC-4/18,0.009876543209876543,1998,2097,2047.5,1,0.01
M,p1059,NRC-4/18,0.009876543209876543,2008,2107,2057.5,2,0.02
M,p1059,NRC-4/18,0.009876543209876543,2018,2117,2067.5,2,0.02
M,p1059,NRC-4/18,0.009876543209876543,2028,2127,2077.5,2,0.02
M,p1059,NRC-4/18,0.009876543209876543,2038,2137,2087.5,2,0.02
M,p1059,NRC-4/18,0.009876543209876543,2048,2147,2097.5,2,0.02
M,p1059,NRC-4/18,0.009876543209876543,2058,2157,2107.5,2,0.02
M,p1059,NRC-4/18,0.009876543209876543,2068,2167,2117.5,2,0.02
M,p1059,NRC-4/18,0.009876543209876543,2078,2177,2127.5,2,0.02
M,p1059,NRC-4/18,0.009876543209876543,2088,2187,2137.5,1,0.01
M,p1059,NRC-4/18,0.009876543209876543,2098,2197,2147.5,1,0.01
M,p1059,NRC-4/18,0.009876543209876543,2108,2207,2157.5,0,0.0
M,p1059,NRC-4/18,0.009876543209876543,2118,2217,2167.5,0,0.0
M,p1059,NRC-4/18,0.009876543209876543,2128,2227,2177.5,0,0.0
M,p1059,NRC-4/18,0.009876543209876543,2138,2237,2187.5,0,0.0
M,p1059,NRC-4/18,0.009876543209876543,2148,2247,2197.5,0,0.0
M,p1059,NRC-4/18,0.009876543209876543,2158,2257,2207.5,0,0.0
M,p1059,NRC-4/18,0.009876543209876543,2168,2267,2217.5,0,0.0
M,p1059,NRC-4/18,0.009876543209876543,2178,2277,2227.5,0,0.0
M,p1059,NRC-4/18,0.009876543209876543,2188,2287,2237.5,0,0.0
M,p1059,NRC-4/18,0.009876543209876543,2198,2297,2247.5,0,0.0
M,p1059,NRC-4/18,0.009876543209876543,2208,2307,2257.5,0,0.0
M,p1059,NRC-4/18,0.009876543209876543,2218,2317,2267.5,0,0.0
M,p1059,NRC-4/18,0.009876543209876543,2228,2327,2277.5,0,0.0
M,p1059,NRC-4/18,0.009876543209876543,2238,2337,2287.5,0,0.0
M,p1059,NRC-4/18,0.009876543209876543,2248,2347,2297.5,0,0.0
M,p1059,NRC-4/18,0.009876543209876543,2258,2357,2307.5,1,0.01
M,p1059,NRC-4/18,0.009876543209876543,2268,2367,2317.5,1,0.01
M,p1059,NRC-4/18,0.009876543209876543,2278,2377,2327.5,1,0.01
M,p1059,NRC-4/18,0.009876543209876543,2288,2387,2337.5,1,0.01
M,p1059,NRC-4/18,0.009876543209876543,2298,2397,2347.5,1,0.01
M,p1059,NRC-4/18,0.009876543209876543,2308,2407,2357.5,1,0.01
M,p1059,NRC-4/18,0.009876543209876543,2318,2417,2367.5,1,0.01
M,p1059,NRC-4/18,0.009876543209876543,2328,2427,2377.5,1,0.01
M,p1059,NRC-4/18,0.009876543209876543,2338,2437,2387.5,1,0.01
M,p1059,NRC-4/18,0.009876543209876543,2348,2447,2397.5,1,0.01
M,p1059,NRC-4/18,0.009876543209876543,2358,2457,2407.5,0,0.0
M,p1059,NRC-4/18,0.009876543209876543,2368,2467,2417.5,0,0.0
M,p1059,NRC-4/18,0.009876543209876543,2378,2477,2427.5,0,0.0
M,p1059,NRC-4/18,0.009876543209876543,2388,2487,2437.5,0,0.0
M,p1059,NRC-4/18,0.009876543209876543,2398,2497,2447.5,0,0.0
M,p1059,NRC-4/18,0.009876543209876543,2408,2507,2457.5,0,0.0
M,p1059,NRC-4/18,0.009876543209876543,2418,2517,2467.5,0,0.0
M,p1059,NRC-4/18,0.009876543209876543,2428,2527,2477.5,0,0.0
M,p1059,NRC-4/18,0.009876543209876543,2438,2537,2487.5,0,0.0
M,p1059,NRC-4/18,0.009876543209876543,2448,2547,2497.5,0,0.0
M,p1059,NRC-4/18,0.009876543209876543,2458,2557,2507.5,0,0.0
M,p1059,NRC-4/18,0.009876543209876543,2468,2567,2517.5,1,0.01
M,p1059,NRC-4/18,0.009876543209876543,2478,2577,2527.5,1,0.01
M,p1059,NRC-4/18,0.009876543209876543,2488,2587,2537.5,1,0.01
M,p1059,NRC-4/18,0.009876543209876543,2498,2597,2547.5,1,0.01
M,p1059,NRC-4/18,0.009876543209876543,2508,2607,2557.5,1,0.01
M,p1059,NRC-4/18,0.009876543209876543,2518,2617,2567.5,1,0.01
M,p1059,NRC-4/18,0.009876543209876543,2528,2627,2577.5,2,0.02
M,p1059,NRC-4/18,0.009876543209876543,2538,2637,2587.5,2,0.02
M,p1059,NRC-4/18,0.009876543209876543,2548,2647,2597.5,3,0.03
M,p1059,NRC-4/18,0.009876543209876543,2558,2657,2607.5,3,0.03
M,p1059,NRC-4/18,0.009876543209876543,2568,2667,2617.5,2,0.02
M,p1059,NRC-4/18,0.009876543209876543,2578,2677,2627.5,2,0.02
M,p1059,NRC-4/18,0.009876543209876543,2588,2687,2637.5,2,0.02
M,p1059,NRC-4/18,0.009876543209876543,2598,2697,2647.5,2,0.02
M,p1059,NRC-4/18,0.009876543209876543,2608,2707,2657.5,2,0.02
M,p1059,NRC-4/18,0.009876543209876543,2618,2717,2667.5,2,0.02
M,p1059,NRC-4/18,0.009876543209876543,2628,2727,2677.5,2,0.02
M,p1059,NRC-4/18,0.009876543209876543,2638,2737,2687.5,2,0.02
M,p1059,NRC-4/18,0.009876543209876543,2648,2747,2697.5,1,0.01
M,p1059,NRC-4/18,0.009876543209876543,2658,2757,2707.5,1,0.01
M,p1059,NRC-4/18,0.009876543209876543,2668,2767,2717.5,1,0.01
M,p1059,NRC-4/18,0.009876543209876543,2678,2777,2727.5,1,0.01
M,p1059,NRC-4/18,0.009876543209876543,2688,2787,2737.5,1,0.01
M,p1059,NRC-4/18,0.009876543209876543,2698,2797,2747.5,1,0.01
M,p1059,NRC-4/18,0.009876543209876543,2708,2807,2757.5,1,0.01
M,p1059,NRC-4/18,0.009876543209876543,2718,2817,2767.5,1,0.01
M,p1059,NRC-4/18,0.009876543209876543,2728,2827,2777.5,0,0.0
M,p1059,NRC-4/18,0.009876543209876543,2738,2837,2787.5,0,0.0
M,p1059,NRC-4/18,0.009876543209876543,2748,2847,2797.5,0,0.0
M,p1059,NRC-4/18,0.009876543209876543,2758,2857,2807.5,0,0.0
M,p1059,NRC-4/18,0.009876543209876543,2768,2867,2817.5,0,0.0
M,p1059,NRC-4/18,0.009876543209876543,2778,2877,2827.5,0,0.0
M,p1059,NRC-4/18,0.009876543209876543,2788,2887,2837.5,0,0.0
M,p1059,NRC-4/18,0.009876543209876543,2798,2897,2847.5,0,0.0
M,p1059,NRC-4/18,0.009876543209876543,2808,2907,2857.5,0,0.0
M,p1059,NRC-4/18,0.009876543209876543,2818,2917,2867.5,2,0.02
M,p1059,NRC-4/18,0.009876543209876543,2828,2927,2877.5,2,0.02
M,p1059,NRC-4/18,0.009876543209876543,2838,2937,2887.5,2,0.02
M,p1059,NRC-4/18,0.009876543209876543,2848,2947,2897.5,2,0.02
M,p1059,NRC-4/18,0.009876543209876543,2858,2957,2907.5,2,0.02
M,p1059,NRC-4/18,0.009876543209876543,2868,2967,2917.5,2,0.02
M,p1059,NRC-4/18,0.009876543209876543,2878,2977,2927.5,3,0.03
M,p1059,NRC-4/18,0.009876543209876543,2888,2987,2937.5,3,0.03
M,p1059,NRC-4/18,0.009876543209876543,2898,2997,2947.5,3,0.03
M,p1059,NRC-4/18,0.009876543209876543,2908,3007,2957.5,3,0.03
M,p1059,NRC-4/18,0.009876543209876543,2918,3017,2967.5,1,0.01
M,p1059,NRC-4/18,0.009876543209876543,2928,3027,2977.5,1,0.01
M,p1059,NRC-4/18,0.009876543209876543,2938,3037,2987.5,2,0.02
M,p1059,NRC-4/18,0.009876543209876543,2948,3047,2997.5,2,0.02
M,p1059,NRC-4/18,0.009876543209876543,2958,3057,3007.5,2,0.02
M,p1059,NRC-4/18,0.009876543209876543,2968,3067,3017.5,2,0.02
M,p1059,NRC-4/18,0.009876543209876543,2978,3077,3027.5,1,0.01
M,p1059,NRC-4/18,0.009876543209876543,2988,3087,3037.5,1,0.01
M,p1059,NRC-4/18,0.009876543209876543,2998,3097,3047.5,1,0.01
M,p1059,NRC-4/18,0.009876543209876543,3008,3107,3057.5,1,0.01
M,p1059,NRC-4/18,0.009876543209876543,3018,3117,3067.5,1,0.01
M,p1059,NRC-4/18,0.009876543209876543,3028,3127,3077.5,1,0.01
M,p1059,NRC-4/18,0.009876543209876543,3038,3137,3087.5,0,0.0
M,p1059,NRC-4/18,0.009876543209876543,3048,3147,3097.5,0,0.0
M,p1059,NRC-4/18,0.009876543209876543,3058,3157,3107.5,0,0.0
M,p1059,NRC-4/18,0.009876543209876543,3068,3167,3117.5,0,0.0
M,p1059,NRC-4/18,0.009876543209876543,3078,3177,3127.5,0,0.0
M,p1059,NRC-4/18,0.009876543209876543,3088,3187,3137.5,0,0.0
M,p1059,NRC-4/18,0.009876543209876543,3098,3197,3147.5,0,0.0
M,p1059,NRC-4/18,0.009876543209876543,3108,3207,3157.5,0,0.0
M,p1059,NRC-4/18,0.009876543209876543,3118,3217,3167.5,0,0.0
M,p1059,NRC-4/18,0.009876543209876543,3128,3227,3177.5,1,0.01
M,p1059,NRC-4/18,0.009876543209876543,3138,3237,3187.5,1,0.01
M,p1059,NRC-4/18,0.009876543209876543,3148,3247,3197.5,1,0.01
M,p1059,NRC-4/18,0.009876543209876543,3158,3257,3207.5,1,0.01
M,p1059,NRC-4/18,0.009876543209876543,3168,3267,3217.5,1,0.01
M,p1059,NRC-4/18,0.009876543209876543,3178,3277,3227.5,1,0.01
M,p1059,NRC-4/18,0.009876543209876543,3188,3287,3237.5,1,0.01
M,p1059,NRC-4/18,0.009876543209876543,3198,3297,3247.5,2,0.02
M,p1059,NRC-4/18,0.009876543209876543,3208,3307,3257.5,2,0.02
M,p1059,NRC-4/18,0.009876543209876543,3218,3317,3267.5,2,0.02
M,p1059,NRC-4/18,0.009876543209876543,3228,3327,3277.5,1,0.01
M,p1059,NRC-4/18,0.009876543209876543,3238,3337,3287.5,1,0.01
M,p1059,NRC-4/18,0.009876543209876543,3248,3347,3297.5,1,0.01
M,p1059,NRC-4/18,0.009876543209876543,3258,3357,3307.5,1,0.01
M,p1059,NRC-4/18,0.009876543209876543,3268,3367,3317.5,1,0.01
M,p1059,NRC-4/18,0.009876543209876543,3278,3377,3327.5,1,0.01
M,p1059,NRC-4/18,0.009876543209876543,3288,3387,3337.5,1,0.01
M,p1059,NRC-4/18,0.009876543209876543,3298,3397,3347.5,0,0.0
M,p1059,NRC-4/18,0.009876543209876543,3308,3407,3357.5,0,0.0
M,p1059,NRC-4/18,0.009876543209876543,3318,3417,3367.5,0,0.0
M,p1059,NRC-4/18,0.009876543209876543,3328,3427,3377.5,0,0.0
M,p1059,NRC-4/18,0.009876543209876543,3338,3437,3387.5,0,0.0
M,p1059,NRC-4/18,0.009876543209876543,3348,3447,3397.5,0,0.0
M,p1059,NRC-4/18,0.009876543209876543,3358,3457,3407.5,0,0.0
M,p1059,NRC-4/18,0.009876543209876543,3368,3467,3417.5,0,0.0
M,p1059,NRC-4/18,0.009876543209876543,3378,3477,3427.5,0,0.0
M,p1059,NRC-4/18,0.009876543209876543,3388,3488,3438.0,0,0.0
M,p1059,NRC-4/18,0.009876543209876543,3398,3506,3452.0,0,0.0
M,p1059,NRC-4/18,0.009876543209876543,3408,3516,3462.0,0,0.0
M,p1059,NRC-4/18,0.009876543209876543,3418,3526,3472.0,0,0.0
M,p1059,NRC-4/18,0.009876543209876543,3428,3536,3482.0,0,0.0
M,p1059,NRC-4/18,0.009876543209876543,3438,3546,3492.0,0,0.0
M,p1059,NRC-4/18,0.009876543209876543,3448,3556,3502.0,0,0.0
M,p1059,NRC-4/18,0.009876543209876543,3458,3566,3512.0,0,0.0
M,p1059,NRC-4/18,0.009876543209876543,3468,3576,3522.0,0,0.0
M,p1059,NRC-4/18,0.009876543209876543,3478,3587,3532.5,0,0.0
M,p1059,NRC-4/18,0.009876543209876543,3489,3597,3543.0,0,0.0
M,p1059,NRC-4/18,0.009876543209876543,3507,3608,3557.5,0,0.0
M,p1059,NRC-4/18,0.009876543209876543,3517,3618,3567.5,0,0.0
M,p1059,NRC-4/18,0.009876543209876543,3527,3628,3577.5,0,0.0
M,p1059,NRC-4/18,0.009876543209876543,3537,3638,3587.5,0,0.0
M,p1059,NRC-4/18,0.009876543209876543,3547,3648,3597.5,0,0.0
M,p1059,NRC-4/18,0.009876543209876543,3557,3658,3607.5,0,0.0
L,p1059,NRC-4/18,0.010547233261999389,8,107,57.5,0,0.0
L,p1059,NRC-4/18,0.010547233261999389,18,117,67.5,0,0.0
L,p1059,NRC-4/18,0.010547233261999389,28,127,77.5,0,0.0
L,p1059,NRC-4/18,0.010547233261999389,38,137,87.5,0,0.0
L,p1059,NRC-4/18,0.010547233261999389,48,147,97.5,0,0.0
L,p1059,NRC-4/18,0.010547233261999389,58,157,107.5,0,0.0
L,p1059,NRC-4/18,0.010547233261999389,68,167,117.5,0,0.0
L,p1059,NRC-4/18,0.010547233261999389,78,177,127.5,0,0.0
L,p1059,NRC-4/18,0.010547233261999389,88,187,137.5,0,0.0
L,p1059,NRC-4/18,0.010547233261999389,98,197,147.5,0,0.0
L,p1059,NRC-4/18,0.010547233261999389,108,207,157.5,0,0.0
L,p1059,NRC-4/18,0.010547233261999389,118,217,167.5,0,0.0
L,p1059,NRC-4/18,0.010547233261999389,128,227,177.5,0,0.0
L,p1059,NRC-4/18,0.010547233261999389,138,237,187.5,0,0.0
L,p1059,NRC-4/18,0.010547233261999389,148,247,197.5,2,0.02
L,p1059,NRC-4/18,0.010547233261999389,158,257,207.5,2,0.02
L,p1059,NRC-4/18,0.010547233261999389,168,267,217.5,3,0.03
L,p1059,NRC-4/18,0.010547233261999389,178,277,227.5,3,0.03
L,p1059,NRC-4/18,0.010547233261999389,188,287,237.5,3,0.03
L,p1059,NRC-4/18,0.010547233261999389,198,297,247.5,3,0.03
L,p1059,NRC-4/18,0.010547233261999389,208,307,257.5,3,0.03
L,p1059,NRC-4/18,0.010547233261999389,218,317,267.5,3,0.03
L,p1059,NRC-4/18,0.010547233261999389,228,327,277.5,3,0.03
L,p1059,NRC-4/18,0.010547233261999389,238,337,287.5,3,0.03
L,p1059,NRC-4/18,0.010547233261999389,248,347,297.5,1,0.01
L,p1059,NRC-4/18,0.010547233261999389,258,357,307.5,1,0.01
L,p1059,NRC-4/18,0.010547233261999389,268,367,317.5,0,0.0
L,p1059,NRC-4/18,0.010547233261999389,278,377,327.5,1,0.01
L,p1059,NRC-4/18,0.010547233261999389,288,387,337.5,1,0.01
L,p1059,NRC-4/18,0.010547233261999389,298,397,347.5,1,0.01
L,p1059,NRC-4/18,0.010547233261999389,308,407,357.5,1,0.01
L,p1059,NRC-4/18,0.010547233261999389,318,417,367.5,1,0.01
L,p1059,NRC-4/18,0.010547233261999389,328,427,377.5,1,0.01
L,p1059,NRC-4/18,0.010547233261999389,338,437,387.5,1,0.01
L,p1059,NRC-4/18,0.010547233261999389,348,447,397.5,1,0.01
L,p1059,NRC-4/18,0.010547233261999389,358,457,407.5,1,0.01
L,p1059,NRC-4/18,0.010547233261999389,368,467,417.5,1,0.01
L,p1059,NRC-4/18,0.010547233261999389,378,477,427.5,0,0.0
L,p1059,NRC-4/18,0.010547233261999389,388,487,437.5,0,0.0
L,p1059,NRC-4/18,0.010547233261999389,398,497,447.5,0,0.0
L,p1059,NRC-4/18,0.010547233261999389,408,507,457.5,0,0.0
L,p1059,NRC-4/18,0.010547233261999389,418,517,467.5,0,0.0
L,p1059,NRC-4/18,0.010547233261999389,428,527,477.5,0,0.0
L,p1059,NRC-4/18,0.010547233261999389,438,537,487.5,0,0.0
L,p1059,NRC-4/18,0.010547233261999389,448,547,497.5,0,0.0
L,p1059,NRC-4/18,0.010547233261999389,458,557,507.5,0,0.0
L,p1059,NRC-4/18,0.010547233261999389,468,567,517.5,0,0.0
L,p1059,NRC-4/18,0.010547233261999389,478,577,527.5,0,0.0
L,p1059,NRC-4/18,0.010547233261999389,488,587,537.5,0,0.0
L,p1059,NRC-4/18,0.010547233261999389,498,597,547.5,0,0.0
L,p1059,NRC-4/18,0.010547233261999389,508,607,557.5,0,0.0
L,p1059,NRC-4/18,0.010547233261999389,518,617,567.5,0,0.0
L,p1059,NRC-4/18,0.010547233261999389,528,627,577.5,0,0.0
L,p1059,NRC-4/18,0.010547233261999389,538,637,587.5,0,0.0
L,p1059,NRC-4/18,0.010547233261999389,548,647,597.5,0,0.0
L,p1059,NRC-4/18,0.010547233261999389,558,657,607.5,0,0.0
L,p1059,NRC-4/18,0.010547233261999389,568,667,617.5,0,0.0
L,p1059,NRC-4/18,0.010547233261999389,578,677,627.5,0,0.0
L,p1059,NRC-4/18,0.010547233261999389,588,687,637.5,0,0.0
L,p1059,NRC-4/18,0.010547233261999389,598,697,647.5,0,0.0
L,p1059,NRC-4/18,0.010547233261999389,608,707,657.5,0,0.0
L,p1059,NRC-4/18,0.010547233261999389,618,717,667.5,0,0.0
L,p1059,NRC-4/18,0.010547233261999389,628,727,677.5,0,0.0
L,p1059,NRC-4/18,0.010547233261999389,638,737,687.5,0,0.0
L,p1059,NRC-4/18,0.010547233261999389,648,747,697.5,0,0.0
L,p1059,NRC-4/18,0.010547233261999389,658,757,707.5,0,0.0
L,p1059,NRC-4/18,0.010547233261999389,668,767,717.5,0,0.0
L,p1059,NRC-4/18,0.010547233261999389,678,777,727.5,1,0.01
L,p1059,NRC-4/18,0.010547233261999389,688,787,737.5,1,0.01
L,p1059,NRC-4/18,0.010547233261999389,698,797,747.5,1,0.01
L,p1059,NRC-4/18,0.010547233261999389,708,807,757.5,2,0.02
L,p1059,NRC-4/18,0.010547233261999389,718,817,767.5,3,0.03
L,p1059,NRC-4/18,0.010547233261999389,728,827,777.5,3,0.03
L,p1059,NRC-4/18,0.010547233261999389,738,837,787.5,3,0.03
L,p1059,NRC-4/18,0.010547233261999389,748,847,797.5,3,0.03
L,p1059,NRC-4/18,0.010547233261999389,758,857,807.5,3,0.03
L,p1059,NRC-4/18,0.010547233261999389,768,867,817.5,3,0.03
L,p1059,NRC-4/18,0.010547233261999389,778,877,827.5,2,0.02
L,p1059,NRC-4/18,0.010547233261999389,788,887,837.5,2,0.02
L,p1059,NRC-4/18,0.010547233261999389,798,897,847.5,2,0.02
L,p1059,NRC-4/18,0.010547233261999389,808,907,857.5,1,0.01
L,p1059,NRC-4/18,0.010547233261999389,818,917,867.5,0,0.0
L,p1059,NRC-4/18,0.010547233261999389,828,927,877.5,0,0.0
L,p1059,NRC-4/18,0.010547233261999389,838,937,887.5,0,0.0
L,p1059,NRC-4/18,0.010547233261999389,848,947,897.5,0,0.0
L,p1059,NRC-4/18,0.010547233261999389,858,957,907.5,0,0.0
L,p1059,NRC-4/18,0.010547233261999389,868,967,917.5,0,0.0
L,p1059,NRC-4/18,0.010547233261999389,878,977,927.5,0,0.0
L,p1059,NRC-4/18,0.010547233261999389,888,987,937.5,0,0.0
L,p1059,NRC-4/18,0.010547233261999389,898,997,947.5,0,0.0
L,p1059,NRC-4/18,0.010547233261999389,908,1007,957.5,0,0.0
L,p1059,NRC-4/18,0.010547233261999389,918,1017,967.5,0,0.0
L,p1059,NRC-4/18,0.010547233261999389,928,1027,977.5,0,0.0
L,p1059,NRC-4/18,0.010547233261999389,938,1037,987.5,0,0.0
L,p1059,NRC-4/18,0.010547233261999389,948,1047,997.5,0,0.0
L,p1059,NRC-4/18,0.010547233261999389,958,1057,1007.5,0,0.0
L,p1059,NRC-4/18,0.010547233261999389,968,1067,1017.5,1,0.01
L,p1059,NRC-4/18,0.010547233261999389,978,1077,1027.5,1,0.01
L,p1059,NRC-4/18,0.010547233261999389,988,1087,1037.5,1,0.01
L,p1059,NRC-4/18,0.010547233261999389,998,1097,1047.5,2,0.02
L,p1059,NRC-4/18,0.010547233261999389,1008,1107,1057.5,2,0.02
L,p1059,NRC-4/18,0.010547233261999389,1018,1117,1067.5,2,0.02
L,p1059,NRC-4/18,0.010547233261999389,1028,1127,1077.5,3,0.03
L,p1059,NRC-4/18,0.010547233261999389,1038,1137,1087.5,3,0.03
L,p1059,NRC-4/18,0.010547233261999389,1048,1147,1097.5,3,0.03
L,p1059,NRC-4/18,0.010547233261999389,1058,1157,1107.5,3,0.03
L,p1059,NRC-4/18,0.010547233261999389,1068,1167,1117.5,2,0.02
L,p1059,NRC-4/18,0.010547233261999389,1078,1177,1127.5,2,0.02
L,p1059,NRC-4/18,0.010547233261999389,1088,1187,1137.5,2,0.02
L,p1059,NRC-4/18,0.010547233261999389,1098,1197,1147.5,2,0.02
L,p1059,NRC-4/18,0.010547233261999389,1108,1207,1157.5,3,0.03
L,p1059,NRC-4/18,0.010547233261999389,1118,1217,1167.5,3,0.03
L,p1059,NRC-4/18,0.010547233261999389,1128,1227,1177.5,2,0.02
L,p1059,NRC-4/18,0.010547233261999389,1138,1237,1187.5,2,0.02
L,p1059,NRC-4/18,0.010547233261999389,1148,1247,1197.5,2,0.02
L,p1059,NRC-4/18,0.010547233261999389,1158,1257,1207.5,2,0.02
L,p1059,NRC-4/18,0.010547233261999389,1168,1267,1217.5,2,0.02
L,p1059,NRC-4/18,0.010547233261999389,1178,1277,1227.5,2,0.02
L,p1059,NRC-4/18,0.010547233261999389,1188,1287,1237.5,3,0.03
L,p1059,NRC-4/18,0.010547233261999389,1198,1297,1247.5,2,0.02
L,p1059,NRC-4/18,0.010547233261999389,1208,1307,1257.5,1,0.01
L,p1059,NRC-4/18,0.010547233261999389,1218,1317,1267.5,1,0.01
L,p1059,NRC-4/18,0.010547233261999389,1228,1327,1277.5,1,0.01
L,p1059,NRC-4/18,0.010547233261999389,1238,1337,1287.5,1,0.01
L,p1059,NRC-4/18,0.010547233261999389,1248,1347,1297.5,1,0.01
L,p1059,NRC-4/18,0.010547233261999389,1258,1357,1307.5,1,0.01
L,p1059,NRC-4/18,0.010547233261999389,1268,1367,1317.5,1,0.01
L,p1059,NRC-4/18,0.010547233261999389,1278,1377,1327.5,1,0.01
L,p1059,NRC-4/18,0.010547233261999389,1288,1387,1337.5,0,0.0
L,p1059,NRC-4/18,0.010547233261999389,1298,1397,1347.5,0,0.0
L,p1059,NRC-4/18,0.010547233261999389,1308,1407,1357.5,0,0.0
L,p1059,NRC-4/18,0.010547233261999389,1318,1417,1367.5,0,0.0
L,p1059,NRC-4/18,0.010547233261999389,1328,1427,1377.5,0,0.0
L,p1059,NRC-4/18,0.010547233261999389,1338,1437,1387.5,0,0.0
L,p1059,NRC-4/18,0.010547233261999389,1348,1447,1397.5,0,0.0
L,p1059,NRC-4/18,0.010547233261999389,1358,1457,1407.5,0,0.0
L,p1059,NRC-4/18,0.010547233261999389,1368,1467,1417.5,0,0.0
L,p1059,NRC-4/18,0.010547233261999389,1378,1477,1427.5,0,0.0
L,p1059,NRC-4/18,0.010547233261999389,1388,1487,1437.5,0,0.0
L,p1059,NRC-4/18,0.010547233261999389,1398,1497,1447.5,0,0.0
L,p1059,NRC-4/18,0.010547233261999389,1408,1507,1457.5,0,0.0
L,p1059,NRC-4/18,0.010547233261999389,1418,1517,1467.5,0,0.0
L,p1059,NRC-4/18,0.010547233261999389,1428,1527,1477.5,0,0.0
L,p1059,NRC-4/18,0.010547233261999389,1438,1537,1487.5,0,0.0
L,p1059,NRC-4/18,0.010547233261999389,1448,1547,1497.5,0,0.0
L,p1059,NRC-4/18,0.010547233261999389,1458,1557,1507.5,0,0.0
L,p1059,NRC-4/18,0.010547233261999389,1468,1567,1517.5,0,0.0
L,p1059,NRC-4/18,0.010547233261999389,1478,1577,1527.5,0,0.0
L,p1059,NRC-4/18,0.010547233261999389,1488,1587,1537.5,0,0.0
L,p1059,NRC-4/18,0.010547233261999389,1498,1597,1547.5,0,0.0
L,p1059,NRC-4/18,0.010547233261999389,1508,1607,1557.5,0,0.0
L,p1059,NRC-4/18,0.010547233261999389,1518,1617,1567.5,0,0.0
L,p1059,NRC-4/18,0.010547233261999389,1528,1627,1577.5,0,0.0
L,p1059,NRC-4/18,0.010547233261999389,1538,1638,1588.0,0,0.0
L,p1059,NRC-4/18,0.010547233261999389,1548,1648,1598.0,0,0.0
L,p1059,NRC-4/18,0.010547233261999389,1558,1658,1608.0,0,0.0
L,p1059,NRC-4/18,0.010547233261999389,1568,1668,1618.0,2,0.02
L,p1059,NRC-4/18,0.010547233261999389,1578,1678,1628.0,2,0.02
L,p1059,NRC-4/18,0.010547233261999389,1588,1688,1638.0,2,0.02
L,p1059,NRC-4/18,0.010547233261999389,1598,1698,1648.0,2,0.02
L,p1059,NRC-4/18,0.010547233261999389,1608,1708,1658.0,2,0.02
L,p1059,NRC-4/18,0.010547233261999389,1618,1718,1668.0,2,0.02
L,p1059,NRC-4/18,0.010547233261999389,1628,1728,1678.0,2,0.02
L,p1059,NRC-4/18,0.010547233261999389,1639,1738,1688.5,2,0.02
L,p1059,NRC-4/18,0.010547233261999389,1649,1748,1698.5,2,0.02
L,p1059,NRC-4/18,0.010547233261999389,1659,1758,1708.5,2,0.02
L,p1059,NRC-4/18,0.010547233261999389,1669,1768,1718.5,0,0.0
L,p1059,NRC-4/18,0.010547233261999389,1679,1778,1728.5,0,0.0
L,p1059,NRC-4/18,0.010547233261999389,1689,1788,1738.5,1,0.01
L,p1059,NRC-4/18,0.010547233261999389,1699,1798,1748.5,1,0.01
L,p1059,NRC-4/18,0.010547233261999389,1709,1808,1758.5,1,0.01
L,p1059,NRC-4/18,0.010547233261999389,1719,1818,1768.5,1,0.01
L,p1059,NRC-4/18,0.010547233261999389,1729,1828,1778.5,1,0.01
L,p1059,NRC-4/18,0.010547233261999389,1739,1838,1788.5,2,0.02
L,p1059,NRC-4/18,0.010547233261999389,1749,1848,1798.5,2,0.02
L,p1059,NRC-4/18,0.010547233261999389,1759,1858,1808.5,2,0.02
L,p1059,NRC-4/18,0.010547233261999389,1769,1868,1818.5,2,0.02
L,p1059,NRC-4/18,0.010547233261999389,1779,1878,1828.5,2,0.02
L,p1059,NRC-4/18,0.010547233261999389,1789,1888,1838.5,1,0.01
L,p1059,NRC-4/18,0.010547233261999389,1799,1898,1848.5,1,0.01
L,p1059,NRC-4/18,0.010547233261999389,1809,1908,1858.5,1,0.01
L,p1059,NRC-4/18,0.010547233261999389,1819,1918,1868.5,1,0.01
L,p1059,NRC-4/18,0.010547233261999389,1829,1928,1878.5,1,0.01
L,p1059,NRC-4/18,0.010547233261999389,1839,1938,1888.5,0,0.0
L,p1059,NRC-4/18,0.010547233261999389,1849,1948,1898.5,0,0.0
L,p1059,NRC-4/18,0.010547233261999389,1859,1958,1908.5,0,0.0
L,p1059,NRC-4/18,0.010547233261999389,1869,1968,1918.5,1,0.01
L,p1059,NRC-4/18,0.010547233261999389,1879,1978,1928.5,1,0.01
L,p1059,NRC-4/18,0.010547233261999389,1889,1988,1938.5,1,0.01
L,p1059,NRC-4/18,0.010547233261999389,1899,1998,1948.5,1,0.01
L,p1059,NRC-4/18,0.010547233261999389,1909,2008,1958.5,2,0.02
L,p1059,NRC-4/18,0.010547233261999389,1919,2018,1968.5,2,0.02
L,p1059,NRC-4/18,0.010547233261999389,1929,2028,1978.5,2,0.02
L,p1059,NRC-4/18,0.010547233261999389,1939,2038,1988.5,3,0.03
L,p1059,NRC-4/18,0.010547233261999389,1949,2048,1998.5,3,0.03
L,p1059,NRC-4/18,0.010547233261999389,1959,2058,2008.5,3,0.03
L,p1059,NRC-4/18,0.010547233261999389,1969,2068,2018.5,2,0.02
L,p1059,NRC-4/18,0.010547233261999389,1979,2078,2028.5,3,0.03
L,p1059,NRC-4/18,0.010547233261999389,1989,2088,2038.5,3,0.03
L,p1059,NRC-4/18,0.010547233261999389,1999,2098,2048.5,3,0.03
L,p1059,NRC-4/18,0.010547233261999389,2009,2108,2058.5,2,0.02
L,p1059,NRC-4/18,0.010547233261999389,2019,2118,2068.5,2,0.02
L,p1059,NRC-4/18,0.010547233261999389,2029,2128,2078.5,2,0.02
L,p1059,NRC-4/18,0.010547233261999389,2039,2138,2088.5,1,0.01
L,p1059,NRC-4/18,0.010547233261999389,2049,2148,2098.5,1,0.01
L,p1059,NRC-4/18,0.010547233261999389,2059,2158,2108.5,1,0.01
L,p1059,NRC-4/18,0.010547233261999389,2069,2168,2118.5,1,0.01
L,p1059,NRC-4/18,0.010547233261999389,2079,2178,2128.5,0,0.0
L,p1059,NRC-4/18,0.010547233261999389,2089,2188,2138.5,0,0.0
L,p1059,NRC-4/18,0.010547233261999389,2099,2198,2148.5,2,0.02
L,p1059,NRC-4/18,0.010547233261999389,2109,2208,2158.5,3,0.03
L,p1059,NRC-4/18,0.010547233261999389,2119,2218,2168.5,3,0.03
L,p1059,NRC-4/18,0.010547233261999389,2129,2228,2178.5,3,0.03
L,p1059,NRC-4/18,0.010547233261999389,2139,2238,2188.5,3,0.03
L,p1059,NRC-4/18,0.010547233261999389,2149,2248,2198.5,3,0.03
L,p1059,NRC-4/18,0.010547233261999389,2159,2258,2208.5,3,0.03
L,p1059,NRC-4/18,0.010547233261999389,2169,2268,2218.5,4,0.04
L,p1059,NRC-4/18,0.010547233261999389,2179,2278,2228.5,4,0.04
L,p1059,NRC-4/18,0.010547233261999389,2189,2288,2238.5,4,0.04
L,p1059,NRC-4/18,0.010547233261999389,2199,2298,2248.5,2,0.02
L,p1059,NRC-4/18,0.010547233261999389,2209,2308,2258.5,1,0.01
L,p1059,NRC-4/18,0.010547233261999389,2219,2318,2268.5,1,0.01
L,p1059,NRC-4/18,0.010547233261999389,2229,2328,2278.5,1,0.01
L,p1059,NRC-4/18,0.010547233261999389,2239,2338,2288.5,1,0.01
L,p1059,NRC-4/18,0.010547233261999389,2249,2348,2298.5,2,0.02
L,p1059,NRC-4/18,0.010547233261999389,2259,2358,2308.5,2,0.02
L,p1059,NRC-4/18,0.010547233261999389,2269,2368,2318.5,1,0.01
L,p1059,NRC-4/18,0.010547233261999389,2279,2378,2328.5,1,0.01
L,p1059,NRC-4/18,0.010547233261999389,2289,2388,2338.5,1,0.01
L,p1059,NRC-4/18,0.010547233261999389,2299,2398,2348.5,1,0.01
L,p1059,NRC-4/18,0.010547233261999389,2309,2408,2358.5,1,0.01
L,p1059,NRC-4/18,0.010547233261999389,2319,2418,2368.5,1,0.01
L,p1059,NRC-4/18,0.010547233261999389,2329,2428,2378.5,1,0.01
L,p1059,NRC-4/18,0.010547233261999389,2339,2438,2388.5,1,0.01
L,p1059,NRC-4/18,0.010547233261999389,2349,2448,2398.5,0,0.0
L,p1059,NRC-4/18,0.010547233261999389,2359,2458,2408.5,0,0.0
L,p1059,NRC-4/18,0.010547233261999389,2369,2468,2418.5,0,0.0
L,p1059,NRC-4/18,0.010547233261999389,2379,2478,2428.5,0,0.0
L,p1059,NRC-4/18,0.010547233261999389,2389,2488,2438.5,0,0.0
L,p1059,NRC-4/18,0.010547233261999389,2399,2498,2448.5,0,0.0
L,p1059,NRC-4/18,0.010547233261999389,2409,2508,2458.5,1,0.01
L,p1059,NRC-4/18,0.010547233261999389,2419,2518,2468.5,1,0.01
L,p1059,NRC-4/18,0.010547233261999389,2429,2528,2478.5,1,0.01
L,p1059,NRC-4/18,0.010547233261999389,2439,2538,2488.5,1,0.01
L,p1059,NRC-4/18,0.010547233261999389,2449,2548,2498.5,1,0.01
L,p1059,NRC-4/18,0.010547233261999389,2459,2558,2508.5,1,0.01
L,p1059,NRC-4/18,0.010547233261999389,2469,2568,2518.5,1,0.01
L,p1059,NRC-4/18,0.010547233261999389,2479,2578,2528.5,1,0.01
L,p1059,NRC-4/18,0.010547233261999389,2489,2588,2538.5,1,0.01
L,p1059,NRC-4/18,0.010547233261999389,2499,2598,2548.5,1,0.01
L,p1059,NRC-4/18,0.010547233261999389,2509,2608,2558.5,0,0.0
L,p1059,NRC-4/18,0.010547233261999389,2519,2618,2568.5,0,0.0
L,p1059,NRC-4/18,0.010547233261999389,2529,2628,2578.5,0,0.0
L,p1059,NRC-4/18,0.010547233261999389,2539,2638,2588.5,0,0.0
L,p1059,NRC-4/18,0.010547233261999389,2549,2648,2598.5,0,0.0
L,p1059,NRC-4/18,0.010547233261999389,2559,2658,2608.5,0,0.0
L,p1059,NRC-4/18,0.010547233261999389,2569,2668,2618.5,0,0.0
L,p1059,NRC-4/18,0.010547233261999389,2579,2678,2628.5,0,0.0
L,p1059,NRC-4/18,0.010547233261999389,2589,2688,2638.5,0,0.0
L,p1059,NRC-4/18,0.010547233261999389,2599,2698,2648.5,0,0.0
L,p1059,NRC-4/18,0.010547233261999389,2609,2708,2658.5,0,0.0
L,p1059,NRC-4/18,0.010547233261999389,2619,2718,2668.5,0,0.0
L,p1059,NRC-4/18,0.010547233261999389,2629,2728,2678.5,0,0.0
L,p1059,NRC-4/18,0.010547233261999389,2639,2738,2688.5,0,0.0
L,p1059,NRC-4/18,0.010547233261999389,2649,2748,2698.5,0,0.0
L,p1059,NRC-4/18,0.010547233261999389,2659,2758,2708.5,0,0.0
L,p1059,NRC-4/18,0.010547233261999389,2669,2768,2718.5,0,0.0
L,p1059,NRC-4/18,0.010547233261999389,2679,2778,2728.5,0,0.0
L,p1059,NRC-4/18,0.010547233261999389,2689,2788,2738.5,0,0.0
L,p1059,NRC-4/18,0.010547233261999389,2699,2798,2748.5,0,0.0
L,p1059,NRC-4/18,0.010547233261999389,2709,2808,2758.5,0,0.0
L,p1059,NRC-4/18,0.010547233261999389,2719,2818,2768.5,0,0.0
L,p1059,NRC-4/18,0.010547233261999389,2729,2828,2778.5,0,0.0
L,p1059,NRC-4/18,0.010547233261999389,2739,2838,2788.5,0,0.0
L,p1059,NRC-4/18,0.010547233261999389,2749,2848,2798.5,0,0.0
L,p1059,NRC-4/18,0.010547233261999389,2759,2858,2808.5,0,0.0
L,p1059,NRC-4/18,0.010547233261999389,2769,2868,2818.5,0,0.0
L,p1059,NRC-4/18,0.010547233261999389,2779,2878,2828.5,0,0.0
L,p1059,NRC-4/18,0.010547233261999389,2789,2888,2838.5,0,0.0
L,p1059,NRC-4/18,0.010547233261999389,2799,2898,2848.5,0,0.0
L,p1059,NRC-4/18,0.010547233261999389,2809,2908,2858.5,0,0.0
L,p1059,NRC-4/18,0.010547233261999389,2819,2918,2868.5,0,0.0
L,p1059,NRC-4/18,0.010547233261999389,2829,2928,2878.5,0,0.0
L,p1059,NRC-4/18,0.010547233261999389,2839,2938,2888.5,0,0.0
L,p1059,NRC-4/18,0.010547233261999389,2849,2948,2898.5,0,0.0
L,p1059,NRC-4/18,0.010547233261999389,2859,2958,2908.5,0,0.0
L,p1059,NRC-4/18,0.010547233261999389,2869,2968,2918.5,0,0.0
L,p1059,NRC-4/18,0.010547233261999389,2879,2978,2928.5,0,0.0
L,p1059,NRC-4/18,0.010547233261999389,2889,2988,2938.5,0,0.0
L,p1059,NRC-4/18,0.010547233261999389,2899,2998,2948.5,0,0.0
L,p1059,NRC-4/18,0.010547233261999389,2909,3008,2958.5,0,0.0
L,p1059,NRC-4/18,0.010547233261999389,2919,3018,2968.5,0,0.0
L,p1059,NRC-4/18,0.010547233261999389,2929,3028,2978.5,0,0.0
L,p1059,NRC-4/18,0.010547233261999389,2939,3038,2988.5,0,0.0
L,p1059,NRC-4/18,0.010547233261999389,2949,3048,2998.5,0,0.0
L,p1059,NRC-4/18,0.010547233261999389,2959,3058,3008.5,0,0.0
L,p1059,NRC-4/18,0.010547233261999389,2969,3068,3018.5,0,0.0
L,p1059,NRC-4/18,0.010547233261999389,2979,3078,3028.5,0,0.0
L,p1059,NRC-4/18,0.010547233261999389,2989,3088,3038.5,0,0.0
L,p1059,NRC-4/18,0.010547233261999389,2999,3098,3048.5,0,0.0
L,p1059,NRC-4/18,0.010547233261999389,3009,3108,3058.5,0,0.0
L,p1059,NRC-4/18,0.010547233261999389,3019,3118,3068.5,0,0.0
L,p1059,NRC-4/18,0.010547233261999389,3029,3128,3078.5,0,0.0
L,p1059,NRC-4/18,0.010547233261999389,3039,3138,3088.5,0,0.0
L,p1059,NRC-4/18,0.010547233261999389,3049,3148,3098.5,0,0.0
L,p1059,NRC-4/18,0.010547233261999389,3059,3158,3108.5,1,0.01
L,p1059,NRC-4/18,0.010547233261999389,3069,3168,3118.5,1,0.01
L,p1059,NRC-4/18,0.010547233261999389,3079,3178,3128.5,1,0.01
L,p1059,NRC-4/18,0.010547233261999389,3089,3188,3138.5,1,0.01
L,p1059,NRC-4/18,0.010547233261999389,3099,3198,3148.5,1,0.01
L,p1059,NRC-4/18,0.010547233261999389,3109,3208,3158.5,1,0.01
L,p1059,NRC-4/18,0.010547233261999389,3119,3218,3168.5,1,0.01
L,p1059,NRC-4/18,0.010547233261999389,3129,3228,3178.5,2,0.02
L,p1059,NRC-4/18,0.010547233261999389,3139,3238,3188.5,2,0.02
L,p1059,NRC-4/18,0.010547233261999389,3149,3248,3198.5,2,0.02
L,p1059,NRC-4/18,0.010547233261999389,3159,3258,3208.5,1,0.01
L,p1059,NRC-4/18,0.010547233261999389,3169,3268,3218.5,1,0.01
L,p1059,NRC-4/18,0.010547233261999389,3179,3278,3228.5,1,0.01
L,p1059,NRC-4/18,0.010547233261999389,3189,3288,3238.5,1,0.01
L,p1059,NRC-4/18,0.010547233261999389,3199,3298,3248.5,1,0.01
L,p1059,NRC-4/18,0.010547233261999389,3209,3308,3258.5,1,0.01
L,p1059,NRC-4/18,0.010547233261999389,3219,3318,3268.5,1,0.01
L,p1059,NRC-4/18,0.010547233261999389,3229,3328,3278.5,0,0.0
L,p1059,NRC-4/18,0.010547233261999389,3239,3338,3288.5,0,0.0
L,p1059,NRC-4/18,0.010547233261999389,3249,3348,3298.5,0,0.0
L,p1059,NRC-4/18,0.010547233261999389,3259,3358,3308.5,0,0.0
L,p1059,NRC-4/18,0.010547233261999389,3269,3368,3318.5,1,0.01
L,p1059,NRC-4/18,0.010547233261999389,3279,3378,3328.5,2,0.02
L,p1059,NRC-4/18,0.010547233261999389,3289,3388,3338.5,2,0.02
L,p1059,NRC-4/18,0.010547233261999389,3299,3398,3348.5,2,0.02
L,p1059,NRC-4/18,0.010547233261999389,3309,3408,3358.5,2,0.02
L,p1059,NRC-4/18,0.010547233261999389,3319,3418,3368.5,2,0.02
L,p1059,NRC-4/18,0.010547233261999389,3329,3428,3378.5,2,0.02
L,p1059,NRC-4/18,0.010547233261999389,3339,3438,3388.5,2,0.02
L,p1059,NRC-4/18,0.010547233261999389,3349,3448,3398.5,2,0.02
L,p1059,NRC-4/18,0.010547233261999389,3359,3458,3408.5,3,0.03
L,p1059,NRC-4/18,0.010547233261999389,3369,3468,3418.5,2,0.02
L,p1059,NRC-4/18,0.010547233261999389,3379,3478,3428.5,1,0.01
L,p1059,NRC-4/18,0.010547233261999389,3389,3488,3438.5,1,0.01
L,p1059,NRC-4/18,0.010547233261999389,3399,3498,3448.5,1,0.01
L,p1059,NRC-4/18,0.010547233261999389,3409,3508,3458.5,1,0.01
L,p1059,NRC-4/18,0.010547233261999389,3419,3518,3468.5,1,0.01
L,p1059,NRC-4/18,0.010547233261999389,3429,3528,3478.5,1,0.01
L,p1059,NRC-4/18,0.010547233261999389,3439,3538,3488.5,1,0.01
L,p1059,NRC-4/18,0.010547233261999389,3449,3548,3498.5,1,0.01
L,p1059,NRC-4/18,0.010547233261999389,3459,3558,3508.5,1,0.01
L,p1059,NRC-4/18,0.010547233261999389,3469,3568,3518.5,2,0.02
L,p1059,NRC-4/18,0.010547233261999389,3479,3578,3528.5,2,0.02
L,p1059,NRC-4/18,0.010547233261999389,3489,3588,3538.5,2,0.02
L,p1059,NRC-4/18,0.010547233261999389,3499,3598,3548.5,2,0.02
L,p1059,NRC-4/18,0.010547233261999389,3509,3608,3558.5,2,0.02
L,p1059,NRC-4/18,0.010547233261999389,3519,3618,3568.5,2,0.02
L,p1059,NRC-4/18,0.010547233261999389,3529,3628,3578.5,3,0.03
L,p1059,NRC-4/18,0.010547233261999389,3539,3638,3588.5,4,0.04
L,p1059,NRC-4/18,0.010547233261999389,3549,3648,3598.5,4,0.04
L,p1059,NRC-4/18,0.010547233261999389,3559,3658,3608.5,3,0.03
L,p1059,NRC-4/18,0.010547233261999389,3569,3668,3618.5,2,0.02
L,p1059,NRC-4/18,0.010547233261999389,3579,3678,3628.5,2,0.02
L,p1059,NRC-4/18,0.010547233261999389,3589,3688,3638.5,2,0.02
L,p1059,NRC-4/18,0.010547233261999389,3599,3698,3648.5,2,0.02
L,p1059,NRC-4/18,0.010547233261999389,3609,3708,3658.5,2,0.02
L,p1059,NRC-4/18,0.010547233261999389,3619,3718,3668.5,2,0.02
L,p1059,NRC-4/18,0.010547233261999389,3629,3728,3678.5,1,0.01
L,p1059,NRC-4/18,0.010547233261999389,3639,3738,3688.5,0,0.0
L,p1059,NRC-4/18,0.010547233261999389,3649,3748,3698.5,1,0.01
L,p1059,NRC-4/18,0.010547233261999389,3659,3758,3708.5,1,0.01
L,p1059,NRC-4/18,0.010547233261999389,3669,3768,3718.5,1,0.01
L,p1059,NRC-4/18,0.010547233261999389,3679,3778,3728.5,1,0.01
L,p1059,NRC-4/18,0.010547233261999389,3689,3788,3738.5,2,0.02
L,p1059,NRC-4/18,0.010547233261999389,3699,3798,3748.5,2,0.02
L,p1059,NRC-4/18,0.010547233261999389,3709,3808,3758.5,2,0.02
L,p1059,NRC-4/18,0.010547233261999389,3719,3818,3768.5,2,0.02
L,p1059,NRC-4/18,0.010547233261999389,3729,3828,3778.5,2,0.02
L,p1059,NRC-4/18,0.010547233261999389,3739,3838,3788.5,2,0.02
L,p1059,NRC-4/18,0.010547233261999389,3749,3848,3798.5,1,0.01
L,p1059,NRC-4/18,0.010547233261999389,3759,3858,3808.5,1,0.01
L,p1059,NRC-4/18,0.010547233261999389,3769,3868,3818.5,2,0.02
L,p1059,NRC-4/18,0.010547233261999389,3779,3878,3828.5,2,0.02
L,p1059,NRC-4/18,0.010547233261999389,3789,3888,3838.5,1,0.01
L,p1059,NRC-4/18,0.010547233261999389,3799,3898,3848.5,1,0.01
L,p1059,NRC-4/18,0.010547233261999389,3809,3908,3858.5,1,0.01
L,p1059,NRC-4/18,0.010547233261999389,3819,3918,3868.5,1,0.01
L,p1059,NRC-4/18,0.010547233261999389,3829,3928,3878.5,1,0.01
L,p1059,NRC-4/18,0.010547233261999389,3839,3938,3888.5,1,0.01
L,p1059,NRC-4/18,0.010547233261999389,3849,3948,3898.5,1,0.01
L,p1059,NRC-4/18,0.010547233261999389,3859,3958,3908.5,1,0.01
L,p1059,NRC-4/18,0.010547233261999389,3869,3968,3918.5,1,0.01
L,p1059,NRC-4/18,0.010547233261999389,3879,3978,3928.5,1,0.01
L,p1059,NRC-4/18,0.010547233261999389,3889,3988,3938.5,1,0.01
L,p1059,NRC-4/18,0.010547233261999389,3899,3998,3948.5,1,0.01
L,p1059,NRC-4/18,0.010547233261999389,3909,4008,3958.5,1,0.01
L,p1059,NRC-4/18,0.010547233261999389,3919,4018,3968.5,2,0.02
L,p1059,NRC-4/18,0.010547233261999389,3929,4028,3978.5,2,0.02
L,p1059,NRC-4/18,0.010547233261999389,3939,4038,3988.5,2,0.02
L,p1059,NRC-4/18,0.010547233261999389,3949,4048,3998.5,2,0.02
L,p1059,NRC-4/18,0.010547233261999389,3959,4058,4008.5,2,0.02
L,p1059,NRC-4/18,0.010547233261999389,3969,4068,4018.5,1,0.01
L,p1059,NRC-4/18,0.010547233261999389,3979,4078,4028.5,1,0.01
L,p1059,NRC-4/18,0.010547233261999389,3989,4088,4038.5,1,0.01
L,p1059,NRC-4/18,0.010547233261999389,3999,4098,4048.5,1,0.01
L,p1059,NRC-4/18,0.010547233261999389,4009,4108,4058.5,1,0.01
L,p1059,NRC-4/18,0.010547233261999389,4019,4118,4068.5,0,0.0
L,p1059,NRC-4/18,0.010547233261999389,4029,4128,4078.5,0,0.0
L,p1059,NRC-4/18,0.010547233261999389,4039,4138,4088.5,0,0.0
L,p1059,NRC-4/18,0.010547233261999389,4049,4148,4098.5,0,0.0
L,p1059,NRC-4/18,0.010547233261999389,4059,4158,4108.5,0,0.0
L,p1059,NRC-4/18,0.010547233261999389,4069,4168,4118.5,0,0.0
L,p1059,NRC-4/18,0.010547233261999389,4079,4178,4128.5,0,0.0
L,p1059,NRC-4/18,0.010547233261999389,4089,4188,4138.5,0,0.0
L,p1059,NRC-4/18,0.010547233261999389,4099,4198,4148.5,0,0.0
L,p1059,NRC-4/18,0.010547233261999389,4109,4208,4158.5,0,0.0
L,p1059,NRC-4/18,0.010547233261999389,4119,4218,4168.5,1,0.01
L,p1059,NRC-4/18,0.010547233261999389,4129,4228,4178.5,1,0.01
L,p1059,NRC-4/18,0.010547233261999389,4139,4238,4188.5,1,0.01
L,p1059,NRC-4/18,0.010547233261999389,4149,4248,4198.5,1,0.01
L,p1059,NRC-4/18,0.010547233261999389,4159,4258,4208.5,1,0.01
L,p1059,NRC-4/18,0.010547233261999389,4169,4268,4218.5,1,0.01
L,p1059,NRC-4/18,0.010547233261999389,4179,4278,4228.5,1,0.01
L,p1059,NRC-4/18,0.010547233261999389,4189,4288,4238.5,1,0.01
L,p1059,NRC-4/18,0.010547233261999389,4199,4298,4248.5,1,0.01
L,p1059,NRC-4/18,0.010547233261999389,4209,4308,4258.5,1,0.01
L,p1059,NRC-4/18,0.010547233261999389,4219,4318,4268.5,0,0.0
L,p1059,NRC-4/18,0.010547233261999389,4229,4328,4278.5,1,0.01
L,p1059,NRC-4/18,0.010547233261999389,4239,4338,4288.5,1,0.01
L,p1059,NRC-4/18,0.010547233261999389,4249,4348,4298.5,1,0.01
L,p1059,NRC-4/18,0.010547233261999389,4259,4358,4308.5,1,0.01
L,p1059,NRC-4/18,0.010547233261999389,4269,4368,4318.5,1,0.01
L,p1059,NRC-4/18,0.010547233261999389,4279,4378,4328.5,1,0.01
L,p1059,NRC-4/18,0.010547233261999389,4289,4388,4338.5,1,0.01
L,p1059,NRC-4/18,0.010547233261999389,4299,4398,4348.5,2,0.02
L,p1059,NRC-4/18,0.010547233261999389,4309,4408,4358.5,2,0.02
L,p1059,NRC-4/18,0.010547233261999389,4319,4418,4368.5,2,0.02
L,p1059,NRC-4/18,0.010547233261999389,4329,4428,4378.5,1,0.01
L,p1059,NRC-4/18,0.010547233261999389,4339,4438,4388.5,2,0.02
L,p1059,NRC-4/18,0.010547233261999389,4349,4448,4398.5,2,0.02
L,p1059,NRC-4/18,0.010547233261999389,4359,4458,4408.5,2,0.02
L,p1059,NRC-4/18,0.010547233261999389,4369,4468,4418.5,3,0.03
L,p1059,NRC-4/18,0.010547233261999389,4379,4478,4428.5,3,0.03
L,p1059,NRC-4/18,0.010547233261999389,4389,4488,4438.5,3,0.03
L,p1059,NRC-4/18,0.010547233261999389,4399,4498,4448.5,2,0.02
L,p1059,NRC-4/18,0.010547233261999389,4409,4508,4458.5,2,0.02
L,p1059,NRC-4/18,0.010547233261999389,4419,4518,4468.5,2,0.02
L,p1059,NRC-4/18,0.010547233261999389,4429,4528,4478.5,2,0.02
L,p1059,NRC-4/18,0.010547233261999389,4439,4538,4488.5,1,0.01
L,p1059,NRC-4/18,0.010547233261999389,4449,4548,4498.5,1,0.01
L,p1059,NRC-4/18,0.010547233261999389,4459,4558,4508.5,1,0.01
L,p1059,NRC-4/18,0.010547233261999389,4469,4568,4518.5,0,0.0
L,p1059,NRC-4/18,0.010547233261999389,4479,4578,4528.5,0,0.0
L,p1059,NRC-4/18,0.010547233261999389,4489,4588,4538.5,0,0.0
L,p1059,NRC-4/18,0.010547233261999389,4499,4598,4548.5,0,0.0
L,p1059,NRC-4/18,0.010547233261999389,4509,4608,4558.5,0,0.0
L,p1059,NRC-4/18,0.010547233261999389,4519,4618,4568.5,0,0.0
L,p1059,NRC-4/18,0.010547233261999389,4529,4628,4578.5,0,0.0
L,p1059,NRC-4/18,0.010547233261999389,4539,4638,4588.5,1,0.01
L,p1059,NRC-4/18,0.010547233261999389,4549,4648,4598.5,1,0.01
L,p1059,NRC-4/18,0.010547233261999389,4559,4658,4608.5,1,0.01
L,p1059,NRC-4/18,0.010547233261999389,4569,4668,4618.5,1,0.01
L,p1059,NRC-4/18,0.010547233261999389,4579,4678,4628.5,2,0.02
L,p1059,NRC-4/18,0.010547233261999389,4589,4688,4638.5,2,0.02
L,p1059,NRC-4/18,0.010547233261999389,4599,4698,4648.5,2,0.02
L,p1059,NRC-4/18,0.010547233261999389,4609,4708,4658.5,2,0.02
L,p1059,NRC-4/18,0.010547233261999389,4619,4718,4668.5,2,0.02
L,p1059,NRC-4/18,0.010547233261999389,4629,4728,4678.5,2,0.02
L,p1059,NRC-4/18,0.010547233261999389,4639,4738,4688.5,1,0.01
L,p1059,NRC-4/18,0.010547233261999389,4649,4748,4698.5,1,0.01
L,p1059,NRC-4/18,0.010547233261999389,4659,4758,4708.5,1,0.01
L,p1059,NRC-4/18,0.010547233261999389,4669,4768,4718.5,1,0.01
L,p1059,NRC-4/18,0.010547233261999389,4679,4778,4728.5,0,0.0
L,p1059,NRC-4/18,0.010547233261999389,4689,4788,4738.5,0,0.0
L,p1059,NRC-4/18,0.010547233261999389,4699,4798,4748.5,0,0.0
L,p1059,NRC-4/18,0.010547233261999389,4709,4808,4758.5,0,0.0
L,p1059,NRC-4/18,0.010547233261999389,4719,4818,4768.5,0,0.0
L,p1059,NRC-4/18,0.010547233261999389,4729,4828,4778.5,0,0.0
L,p1059,NRC-4/18,0.010547233261999389,4739,4838,4788.5,0,0.0
L,p1059,NRC-4/18,0.010547233261999389,4749,4848,4798.5,1,0.01
L,p1059,NRC-4/18,0.010547233261999389,4759,4858,4808.5,1,0.01
L,p1059,NRC-4/18,0.010547233261999389,4769,4868,4818.5,1,0.01
L,p1059,NRC-4/18,0.010547233261999389,4779,4878,4828.5,1,0.01
L,p1059,NRC-4/18,0.010547233261999389,4789,4888,4838.5,1,0.01
L,p1059,NRC-4/18,0.010547233261999389,4799,4898,4848.5,1,0.01
L,p1059,NRC-4/18,0.010547233261999389,4809,4908,4858.5,1,0.01
L,p1059,NRC-4/18,0.010547233261999389,4819,4918,4868.5,1,0.01
L,p1059,NRC-4/18,0.010547233261999389,4829,4928,4878.5,1,0.01
L,p1059,NRC-4/18,0.010547233261999389,4839,4938,4888.5,1,0.01
L,p1059,NRC-4/18,0.010547233261999389,4849,4948,4898.5,0,0.0
L,p1059,NRC-4/18,0.010547233261999389,4859,4958,4908.5,0,0.0
L,p1059,NRC-4/18,0.010547233261999389,4869,4968,4918.5,0,0.0
L,p1059,NRC-4/18,0.010547233261999389,4879,4978,4928.5,0,0.0
L,p1059,NRC-4/18,0.010547233261999389,4889,4988,4938.5,0,0.0
L,p1059,NRC-4/18,0.010547233261999389,4899,4998,4948.5,0,0.0
L,p1059,NRC-4/18,0.010547233261999389,4909,5008,4958.5,0,0.0
L,p1059,NRC-4/18,0.010547233261999389,4919,5018,4968.5,0,0.0
L,p1059,NRC-4/18,0.010547233261999389,4929,5028,4978.5,0,0.0
L,p1059,NRC-4/18,0.010547233261999389,4939,5038,4988.5,0,0.0
L,p1059,NRC-4/18,0.010547233261999389,4949,5048,4998.5,0,0.0
L,p1059,NRC-4/18,0.010547233261999389,4959,5058,5008.5,0,0.0
L,p1059,NRC-4/18,0.010547233261999389,4969,5068,5018.5,0,0.0
L,p1059,NRC-4/18,0.010547233261999389,4979,5078,5028.5,0,0.0
L,p1059,NRC-4/18,0.010547233261999389,4989,5088,5038.5,1,0.01
L,p1059,NRC-4/18,0.010547233261999389,4999,5098,5048.5,2,0.02
L,p1059,NRC-4/18,0.010547233261999389,5009,5108,5058.5,2,0.02
L,p1059,NRC-4/18,0.010547233261999389,5019,5118,5068.5,2,0.02
L,p1059,NRC-4/18,0.010547233261999389,5029,5128,5078.5,2,0.02
L,p1059,NRC-4/18,0.010547233261999389,5039,5138,5088.5,2,0.02
L,p1059,NRC-4/18,0.010547233261999389,5049,5148,5098.5,2,0.02
L,p1059,NRC-4/18,0.010547233261999389,5059,5158,5108.5,2,0.02
L,p1059,NRC-4/18,0.010547233261999389,5069,5168,5118.5,2,0.02
L,p1059,NRC-4/18,0.010547233261999389,5079,5178,5128.5,2,0.02
L,p1059,NRC-4/18,0.010547233261999389,5089,5188,5138.5,1,0.01
L,p1059,NRC-4/18,0.010547233261999389,5099,5198,5148.5,1,0.01
L,p1059,NRC-4/18,0.010547233261999389,5109,5208,5158.5,1,0.01
L,p1059,NRC-4/18,0.010547233261999389,5119,5218,5168.5,1,0.01
L,p1059,NRC-4/18,0.010547233261999389,5129,5228,5178.5,2,0.02
L,p1059,NRC-4/18,0.010547233261999389,5139,5238,5188.5,2,0.02
L,p1059,NRC-4/18,0.010547233261999389,5149,5249,5199.0,2,0.02
L,p1059,NRC-4/18,0.010547233261999389,5159,5259,5209.0,2,0.02
L,p1059,NRC-4/18,0.010547233261999389,5169,5269,5219.0,2,0.02
L,p1059,NRC-4/18,0.010547233261999389,5179,5279,5229.0,2,0.02
L,p1059,NRC-4/18,0.010547233261999389,5189,5289,5239.0,3,0.03
L,p1059,NRC-4/18,0.010547233261999389,5199,5299,5249.0,2,0.02
L,p1059,NRC-4/18,0.010547233261999389,5209,5309,5259.0,2,0.02
L,p1059,NRC-4/18,0.010547233261999389,5219,5319,5269.0,2,0.02
L,p1059,NRC-4/18,0.010547233261999389,5229,5329,5279.0,1,0.01
L,p1059,NRC-4/18,0.010547233261999389,5239,5339,5289.0,1,0.01
L,p1059,NRC-4/18,0.010547233261999389,5250,5349,5299.5,1,0.01
L,p1059,NRC-4/18,0.010547233261999389,5260,5359,5309.5,1,0.01
L,p1059,NRC-4/18,0.010547233261999389,5270,5369,5319.5,2,0.02
L,p1059,NRC-4/18,0.010547233261999389,5280,5379,5329.5,3,0.03
L,p1059,NRC-4/18,0.010547233261999389,5290,5389,5339.5,2,0.02
L,p1059,NRC-4/18,0.010547233261999389,5300,5399,5349.5,2,0.02
L,p1059,NRC-4/18,0.010547233261999389,5310,5409,5359.5,2,0.02
L,p1059,NRC-4/18,0.010547233261999389,5320,5419,5369.5,2,0.02
L,p1059,NRC-4/18,0.010547233261999389,5330,5429,5379.5,2,0.02
L,p1059,NRC-4/18,0.010547233261999389,5340,5439,5389.5,2,0.02
L,p1059,NRC-4/18,0.010547233261999389,5350,5449,5399.5,2,0.02
L,p1059,NRC-4/18,0.010547233261999389,5360,5459,5409.5,2,0.02
L,p1059,NRC-4/18,0.010547233261999389,5370,5469,5419.5,1,0.01
L,p1059,NRC-4/18,0.010547233261999389,5380,5479,5429.5,0,0.0
L,p1059,NRC-4/18,0.010547233261999389,5390,5489,5439.5,1,0.01
L,p1059,NRC-4/18,0.010547233261999389,5400,5499,5449.5,1,0.01
L,p1059,NRC-4/18,0.010547233261999389,5410,5509,5459.5,1,0.01
L,p1059,NRC-4/18,0.010547233261999389,5420,5519,5469.5,1,0.01
L,p1059,NRC-4/18,0.010547233261999389,5430,5529,5479.5,1,0.01
L,p1059,NRC-4/18,0.010547233261999389,5440,5539,5489.5,1,0.01
L,p1059,NRC-4/18,0.010547233261999389,5450,5549,5499.5,1,0.01
L,p1059,NRC-4/18,0.010547233261999389,5460,5559,5509.5,1,0.01
L,p1059,NRC-4/18,0.010547233261999389,5470,5569,5519.5,1,0.01
L,p1059,NRC-4/18,0.010547233261999389,5480,5579,5529.5,1,0.01
L,p1059,NRC-4/18,0.010547233261999389,5490,5589,5539.5,0,0.0
L,p1059,NRC-4/18,0.010547233261999389,5500,5599,5549.5,0,0.0
L,p1059,NRC-4/18,0.010547233261999389,5510,5609,5559.5,0,0.0
L,p1059,NRC-4/18,0.010547233261999389,5520,5619,5569.5,1,0.01
L,p1059,NRC-4/18,0.010547233261999389,5530,5629,5579.5,2,0.02
L,p1059,NRC-4/18,0.010547233261999389,5540,5639,5589.5,2,0.02
L,p1059,NRC-4/18,0.010547233261999389,5550,5649,5599.5,2,0.02
L,p1059,NRC-4/18,0.010547233261999389,5560,5659,5609.5,2,0.02
L,p1059,NRC-4/18,0.010547233261999389,5570,5669,5619.5,2,0.02
L,p1059,NRC-4/18,0.010547233261999389,5580,5679,5629.5,2,0.02
L,p1059,NRC-4/18,0.010547233261999389,5590,5689,5639.5,2,0.02
L,p1059,NRC-4/18,0.010547233261999389,5600,5699,5649.5,2,0.02
L,p1059,NRC-4/18,0.010547233261999389,5610,5709,5659.5,2,0.02
L,p1059,NRC-4/18,0.010547233261999389,5620,5719,5669.5,1,0.01
L,p1059,NRC-4/18,0.010547233261999389,5630,5729,5679.5,1,0.01
L,p1059,NRC-4/18,0.010547233261999389,5640,5739,5689.5,1,0.01
L,p1059,NRC-4/18,0.010547233261999389,5650,5749,5699.5,1,0.01
L,p1059,NRC-4/18,0.010547233261999389,5660,5759,5709.5,1,0.01
L,p1059,NRC-4/18,0.010547233261999389,5670,5769,5719.5,1,0.01
L,p1059,NRC-4/18,0.010547233261999389,5680,5779,5729.5,1,0.01
L,p1059,NRC-4/18,0.010547233261999389,5690,5789,5739.5,1,0.01
L,p1059,NRC-4/18,0.010547233261999389,5700,5799,5749.5,1,0.01
L,p1059,NRC-4/18,0.010547233261999389,5710,5809,5759.5,1,0.01
L,p1059,NRC-4/18,0.010547233261999389,5720,5819,5769.5,1,0.01
L,p1059,NRC-4/18,0.010547233261999389,5730,5829,5779.5,0,0.0
L,p1059,NRC-4/18,0.010547233261999389,5740,5839,5789.5,0,0.0
L,p1059,NRC-4/18,0.010547233261999389,5750,5849,5799.5,0,0.0
L,p1059,NRC-4/18,0.010547233261999389,5760,5859,5809.5,0,0.0
L,p1059,NRC-4/18,0.010547233261999389,5770,5869,5819.5,0,0.0
L,p1059,NRC-4/18,0.010547233261999389,5780,5879,5829.5,1,0.01
L,p1059,NRC-4/18,0.010547233261999389,5790,5889,5839.5,1,0.01
L,p1059,NRC-4/18,0.010547233261999389,5800,5899,5849.5,2,0.02
L,p1059,NRC-4/18,0.010547233261999389,5810,5909,5859.5,2,0.02
L,p1059,NRC-4/18,0.010547233261999389,5820,5919,5869.5,2,0.02
L,p1059,NRC-4/18,0.010547233261999389,5830,5929,5879.5,2,0.02
L,p1059,NRC-4/18,0.010547233261999389,5840,5939,5889.5,2,0.02
L,p1059,NRC-4/18,0.010547233261999389,5850,5949,5899.5,2,0.02
L,p1059,NRC-4/18,0.010547233261999389,5860,5959,5909.5,2,0.02
L,p1059,NRC-4/18,0.010547233261999389,5870,5969,5919.5,2,0.02
L,p1059,NRC-4/18,0.010547233261999389,5880,5979,5929.5,1,0.01
L,p1059,NRC-4/18,0.010547233261999389,5890,5989,5939.5,1,0.01
L,p1059,NRC-4/18,0.010547233261999389,5900,5999,5949.5,0,0.0
L,p1059,NRC-4/18,0.010547233261999389,5910,6009,5959.5,0,0.0
L,p1059,NRC-4/18,0.010547233261999389,5920,6019,5969.5,0,0.0
L,p1059,NRC-4/18,0.010547233261999389,5930,6029,5979.5,0,0.0
L,p1059,NRC-4/18,0.010547233261999389,5940,6039,5989.5,0,0.0
L,p1059,NRC-4/18,0.010547233261999389,5950,6049,5999.5,0,0.0
L,p1059,NRC-4/18,0.010547233261999389,5960,6059,6009.5,0,0.0
L,p1059,NRC-4/18,0.010547233261999389,5970,6069,6019.5,0,0.0
L,p1059,NRC-4/18,0.010547233261999389,5980,6079,6029.5,0,0.0
L,p1059,NRC-4/18,0.010547233261999389,5990,6089,6039.5,0,0.0
L,p1059,NRC-4/18,0.010547233261999389,6000,6099,6049.5,1,0.01
L,p1059,NRC-4/18,0.010547233261999389,6010,6109,6059.5,2,0.02
L,p1059,NRC-4/18,0.010547233261999389,6020,6119,6069.5,2,0.02
L,p1059,NRC-4/18,0.010547233261999389,6030,6129,6079.5,2,0.02
L,p1059,NRC-4/18,0.010547233261999389,6040,6139,6089.5,2,0.02
L,p1059,NRC-4/18,0.010547233261999389,6050,6149,6099.5,2,0.02
L,p1059,NRC-4/18,0.010547233261999389,6060,6159,6109.5,2,0.02
L,p1059,NRC-4/18,0.010547233261999389,6070,6169,6119.5,2,0.02
L,p1059,NRC-4/18,0.010547233261999389,6080,6179,6129.5,2,0.02
L,p1059,NRC-4/18,0.010547233261999389,6090,6189,6139.5,2,0.02
L,p1059,NRC-4/18,0.010547233261999389,6100,6199,6149.5,1,0.01
L,p1059,NRC-4/18,0.010547233261999389,6110,6209,6159.5,0,0.0
L,p1059,NRC-4/18,0.010547233261999389,6120,6219,6169.5,1,0.01
L,p1059,NRC-4/18,0.010547233261999389,6130,6229,6179.5,1,0.01
L,p1059,NRC-4/18,0.010547233261999389,6140,6239,6189.5,1,0.01
L,p1059,NRC-4/18,0.010547233261999389,6150,6249,6199.5,1,0.01
L,p1059,NRC-4/18,0.010547233261999389,6160,6259,6209.5,1,0.01
L,p1059,NRC-4/18,0.010547233261999389,6170,6269,6219.5,1,0.01
L,p1059,NRC-4/18,0.010547233261999389,6180,6279,6229.5,1,0.01
L,p1059,NRC-4/18,0.010547233261999389,6190,6289,6239.5,1,0.01
L,p1059,NRC-4/18,0.010547233261999389,6200,6299,6249.5,1,0.01
L,p1059,NRC-4/18,0.010547233261999389,6210,6309,6259.5,1,0.01
L,p1059,NRC-4/18,0.010547233261999389,6220,6319,6269.5,0,0.0
L,p1059,NRC-4/18,0.010547233261999389,6230,6329,6279.5,0,0.0
L,p1059,NRC-4/18,0.010547233261999389,6240,6339,6289.5,0,0.0
L,p1059,NRC-4/18,0.010547233261999389,6250,6349,6299.5,0,0.0
L,p1059,NRC-4/18,0.010547233261999389,6260,6359,6309.5,1,0.01
L,p1059,NRC-4/18,0.010547233261999389,6270,6369,6319.5,1,0.01
L,p1059,NRC-4/18,0.010547233261999389,6280,6379,6329.5,1,0.01
L,p1059,NRC-4/18,0.010547233261999389,6290,6389,6339.5,1,0.01
L,p1059,NRC-4/18,0.010547233261999389,6300,6399,6349.5,1,0.01
L,p1059,NRC-4/18,0.010547233261999389,6310,6409,6359.5,1,0.01
L,p1059,NRC-4/18,0.010547233261999389,6320,6419,6369.5,1,0.01
L,p1059,NRC-4/18,0.010547233261999389,6330,6429,6379.5,1,0.01
L,p1059,NRC-4/18,0.010547233261999389,6340,6439,6389.5,1,0.01
L,p1059,NRC-4/18,0.010547233261999389,6350,6449,6399.5,1,0.01
L,p1059,NRC-4/18,0.010547233261999389,6360,6459,6409.5,0,0.0
L,p1059,NRC-4/18,0.010547233261999389,6370,6469,6419.5,0,0.0
L,p1059,NRC-4/18,0.010547233261999389,6380,6479,6429.5,1,0.01
L,p1059,NRC-4/18,0.010547233261999389,6390,6489,6439.5,1,0.01
L,p1059,NRC-4/18,0.010547233261999389,6400,6499,6449.5,1,0.01
L,p1059,NRC-4/18,0.010547233261999389,6410,6509,6459.5,1,0.01
L,p1059,NRC-4/18,0.010547233261999389,6420,6519,6469.5,1,0.01
L,p1059,NRC-4/18,0.010547233261999389,6430,6529,6479.5,2,0.02
L,p1059,NRC-4/18,0.010547233261999389,6440,6539,6489.5,3,0.03
L,p1059,NRC-4/18,0.010547233261999389,6450,6549,6499.5,3,0.03
